"","SharkID","species","date_collected","material","BerryCrust_00000002","BerryCrust_00000007","BerryCrust_00000023","BerryCrust_00000119","BerryCrust_00000142","BerryCrust_00000184","BerryCrust_00000187","BerryCrust_00000191","BerryCrust_00000195","BerryCrust_00000217","BerryCrust_00000439","BerryCrust_00000454","BerryCrust_00000456","BerryCrust_00000462","BerryCrust_00000464","BerryCrust_00000468","BerryCrust_00000473","BerryCrust_00000475","BerryCrust_00000486","BerryCrust_00000492","BerryCrust_00000494","BerryCrust_00000507","BerryCrust_00000518","BerryCrust_00000520","BerryCrust_00000528","BerryCrust_00000529","BerryCrust_00000542","BerryCrust_00000548","BerryCrust_00000569","BerryCrust_00000587","BerryCrust_00000589","BerryCrust_00000612","BerryCrust_00000615","BerryCrust_00000622","BerryCrust_00000624","BerryCrust_00000625","BerryCrust_00000820","BerryCrust_00000822","BerryCrust_00000826","BerryCrust_00000830","BerryCrust_00000831","BerryCrust_00000843","BerryCrust_00000850","BerryCrust_00000863","BerryCrust_00000868","BerryCrust_00000891","BerryCrust_00000915","BerryCrust_00000919","BerryCrust_00000924","BerryCrust_00000926","BerryCrust_00001020","BerryCrust_00001021","BerryCrust_00001030","BerryCrust_00001032","BerryCrust_00001033","BerryCrust_00001034","BerryCrust_00001036","BerryCrust_00001052","BerryCrust_00001054","BerryCrust_00001057","BerryCrust_00001081","BerryCrust_00001099","BerryCrust_00001237","BerryCrust_00001252","BerryCrust_00001272","BerryCrust_00001319","BerryCrust_00001365","BerryCrust_00001390","BerryCrust_00001560","BerryCrust_00001567","BerryCrust_00001571","BerryCrust_00001573","BerryCrust_00001575","BerryCrust_00001576","BerryCrust_00001579","BerryCrust_00001582","BerryCrust_00001583","BerryCrust_00001584","BerryCrust_00001588","BerryCrust_00001589","BerryCrust_00001592","BerryCrust_00001594","BerryCrust_00001597","BerryCrust_00001598","BerryCrust_00001601","BerryCrust_00001603","BerryCrust_00001608","BerryCrust_00001614","BerryCrust_00001617","BerryCrust_00001627","BerryCrust_00001630","BerryCrust_00001640","BerryCrust_00001651","BerryCrust_00001670","BerryCrust_00001671","BerryCrust_00001680","BerryCrust_00001689","BerryCrust_00001717","BerryCrust_00001750","BerryCrust_00001755","BerryCrust_00001759","BerryCrust_00001762","BerryCrust_00001775","BerryCrust_00001784","BerryCrust_00001801","BerryCrust_00001807","BerryCrust_00001812","BerryCrust_00001815","BerryCrust_00001817","BerryCrust_00001825","BerryCrust_00001826","BerryCrust_00001877","BerryCrust_00001878","BerryCrust_00001880","BerryCrust_00001962","BerryCrust_00001988","BerryCrust_00002054","BerryCrust_00002071","BerryCrust_00002074","BerryCrust_00002075","BerryCrust_00002114","BerryCrust_00002195","BerryCrust_00002317","BerryCrust_00002322","BerryCrust_00002330","BerryCrust_00002336","BerryCrust_00002337","BerryCrust_00002346","BerryCrust_00002352","BerryCrust_00002388","BerryCrust_00002391","BerryCrust_00002442","BerryCrust_00002461","BerryCrust_00002475","BerryCrust_00002498","BerryCrust_00002500","BerryCrust_00002544","BerryCrust_00002611","BerryCrust_00002618","BerryCrust_00002722","BerryCrust_00002756","BerryCrust_00002758","BerryCrust_00002781","BerryCrust_00002827","BerryCrust_00002836","BerryCrust_00002847","BerryCrust_00002851","BerryCrust_00002863","plate_no","plate_col","plate_row","tag_fwd","tag_rev","primer_fwd","primer_rev","project","type","control_type","nb_reads","nb_motus","low_contamination_level","seqdepth_ok","nb_reads_postmetabaR","nb_motus_postmetabaR"
"NC1","Shark1","Rhizoprionodon terraenovae","6/9/20","fecal",0,0,0,0,0,0,0,0,0,0,0,0,0,0,0,0,0,0,0,0,0,0,0,0,0,0,0,0,0,0,0,0,0,0,0,0,0,0,0,0,0,0,0,0,0,0,0,0,0,0,0,0,0,0,0,0,0,0,0,0,0,0,0,0,0,0,0,0,0,0,0,0,0,0,0,0,0,0,0,0,0,0,0,0,0,0,0,0,0,0,0,0,0,0,0,0,0,0,0,0,0,0,0,0,0,0,0,0,0,0,0,0,0,0,0,0,0,0,0,0,0,0,0,0,0,0,0,0,0,0,0,0,0,0,0,0,0,0,0,0,0,0,0,0,0,0,0,0,1,1,"H","CTCCTGAA","CTAGGTGA","GGGACGATAAGACCCTATA ","ATTACGCTGTTATCCCTAAAG ","NC_Sharks","sample",NA,0,0,TRUE,TRUE,0,0
"NC10","Shark10","Carcharhinus acronotus","6/22/20","fecal",0,0,0,0,0,0,0,0,0,0,0,0,0,0,0,0,0,0,0,0,0,0,0,0,0,0,0,0,0,0,0,0,0,0,0,0,0,0,0,0,0,0,0,0,0,0,0,0,0,0,0,0,0,0,0,0,0,0,0,0,0,0,0,0,0,0,0,0,0,0,0,0,0,0,0,0,0,0,0,0,0,0,0,0,0,0,0,0,0,0,0,0,0,0,0,0,0,0,0,0,0,0,0,0,0,0,0,0,0,0,0,0,0,0,0,0,0,0,0,0,0,0,0,0,0,0,0,0,0,0,0,0,0,0,0,0,0,0,0,0,0,0,0,0,0,0,0,0,1,2,"G","AGCCGTAA","ACGACTTG","GGGACGATAAGACCCTATA ","ATTACGCTGTTATCCCTAAAG ","NC_Sharks","sample",NA,0,0,TRUE,TRUE,0,0
"NC101","Shark101","Sphyrna tiburo","8/31/20","fecal",0,0,0,0,0,0,0,0,0,0,0,0,0,0,0,0,0,0,0,0,0,0,0,0,0,0,0,0,0,0,0,0,0,0,0,0,0,0,0,0,0,0,0,0,0,0,0,0,0,0,0,0,0,0,0,0,0,0,0,0,0,0,0,0,0,0,0,0,0,0,0,0,0,0,0,0,0,0,0,0,0,0,0,0,0,0,0,0,0,0,0,0,0,0,0,0,0,0,0,0,0,0,0,0,0,0,0,0,0,0,0,0,0,0,0,0,0,0,0,0,0,0,0,0,0,0,0,0,0,0,0,0,0,0,0,0,0,0,0,0,0,0,0,0,0,0,0,0,2,1,"D","GTGATCCA","CTAGGTGA","GGGACGATAAGACCCTATA ","ATTACGCTGTTATCCCTAAAG ","NC_Sharks","sample",NA,0,0,TRUE,TRUE,0,0
"NC102","Shark102","Sphyrna tiburo","8/31/20","fecal",0,0,0,0,0,0,0,0,0,0,0,0,0,0,0,0,0,0,0,0,0,0,0,0,0,0,0,0,0,0,0,0,0,0,0,0,0,0,0,0,0,0,0,0,0,0,0,0,0,0,0,0,0,0,0,0,0,0,0,0,0,0,0,0,0,0,0,0,0,0,0,0,0,0,0,0,0,0,0,0,0,0,0,0,0,0,0,0,0,0,0,0,0,0,0,0,0,0,0,0,0,0,0,0,0,0,0,0,0,0,0,0,0,0,0,0,0,0,0,0,0,0,0,0,0,0,0,0,0,0,0,0,0,0,0,0,0,0,0,0,0,0,0,0,0,0,0,0,2,1,"E","TTCGTACG","CTAGGTGA","GGGACGATAAGACCCTATA ","ATTACGCTGTTATCCCTAAAG ","NC_Sharks","sample",NA,0,0,TRUE,TRUE,0,0
"NC11","Shark11","Carcharhinus acronotus","6/22/20","fecal",0,0,0,0,0,0,0,0,0,0,0,0,0,0,0,0,0,0,0,0,0,0,0,0,0,0,0,0,0,0,0,0,0,0,0,0,0,0,0,0,0,0,0,0,0,0,0,0,0,0,0,0,0,0,0,0,0,0,0,0,0,0,0,0,0,0,0,0,0,0,0,0,0,0,0,0,0,0,0,0,0,0,0,0,0,0,0,0,0,0,0,0,0,0,0,0,0,0,0,0,0,0,0,0,0,0,0,0,0,0,0,0,0,0,0,0,0,0,0,0,0,0,0,0,0,0,0,0,0,0,0,0,0,0,0,0,0,0,0,0,0,0,0,0,0,0,0,0,1,2,"F","GATACCTG","ACGACTTG","GGGACGATAAGACCCTATA ","ATTACGCTGTTATCCCTAAAG ","NC_Sharks","sample",NA,0,0,TRUE,TRUE,0,0
"NC12","Shark12","Carcharhinus acronotus","6/22/20","fecal",0,0,0,0,0,0,0,0,0,0,673,0,0,2,0,1,1,1,2,1,1,0,0,0,1,0,0,0,0,0,0,0,0,0,0,0,0,0,0,0,0,0,0,0,0,0,0,0,0,0,0,0,0,0,0,0,0,0,0,0,0,0,0,0,0,0,0,0,0,0,0,0,0,0,0,0,0,0,0,0,0,0,0,0,0,0,0,0,0,0,0,0,0,0,0,0,0,0,0,0,0,0,0,0,0,0,0,0,0,0,0,0,0,0,0,0,0,0,0,0,0,0,0,0,0,0,0,0,0,0,0,0,0,0,0,0,0,0,0,0,0,0,0,0,0,0,0,0,1,2,"E","TGTTCCGT","ACGACTTG","GGGACGATAAGACCCTATA ","ATTACGCTGTTATCCCTAAAG ","NC_Sharks","sample",NA,683,9,TRUE,TRUE,683,9
"NC14","Shark14","Carcharhinus acronotus","6/22/20","fecal",0,0,0,0,0,0,0,0,0,0,0,0,0,0,0,0,0,0,0,0,0,0,0,0,0,0,0,0,0,0,0,0,0,0,0,0,0,0,0,0,0,0,0,0,0,0,0,0,0,0,0,0,0,0,0,0,0,0,0,0,0,0,0,0,0,0,0,0,0,0,0,0,0,0,0,0,0,0,0,0,0,0,0,0,0,0,0,0,0,0,0,0,0,0,0,0,0,0,0,0,0,0,0,0,0,0,0,0,0,0,0,0,0,0,0,0,0,0,0,0,0,0,0,0,0,0,0,0,0,0,0,0,0,0,0,0,0,0,0,0,0,0,0,0,0,0,0,0,1,2,"C","ACAGAGGT","ACGACTTG","GGGACGATAAGACCCTATA ","ATTACGCTGTTATCCCTAAAG ","NC_Sharks","sample",NA,0,0,TRUE,TRUE,0,0
"NC16","Shark16","Carcharhinus plumbeus","6/22/20","fecal",0,0,0,0,0,0,0,0,0,0,0,0,0,0,0,0,0,0,0,0,0,0,0,0,0,0,0,0,0,0,0,0,0,0,0,0,0,0,0,0,0,0,0,0,0,0,0,0,0,0,0,0,0,0,0,0,0,0,0,0,0,0,0,0,0,0,0,0,0,0,0,0,0,0,0,0,0,0,0,0,0,0,0,0,0,0,0,0,0,0,0,0,0,0,0,0,0,0,0,0,0,0,0,0,0,0,0,0,0,0,0,0,0,0,0,0,0,0,0,0,0,0,0,0,0,0,0,0,0,0,0,0,0,0,0,0,0,0,0,0,0,0,0,0,0,0,0,0,1,2,"B","GCATAACG","ACGACTTG","GGGACGATAAGACCCTATA ","ATTACGCTGTTATCCCTAAAG ","NC_Sharks","sample",NA,0,0,TRUE,TRUE,0,0
"NC18","Shark18","Carcharhinus acronotus","6/30/20","fecal",0,0,0,0,0,0,0,0,0,0,0,0,0,0,0,0,0,0,0,0,0,0,0,0,0,0,0,0,0,0,0,0,0,0,0,0,0,0,0,0,0,0,0,0,0,0,0,0,0,0,0,0,0,0,0,0,0,0,0,0,0,0,0,0,0,0,0,0,0,0,0,0,0,0,0,0,0,0,0,0,0,0,0,0,0,0,0,0,0,0,0,0,0,0,0,0,0,0,0,0,0,0,0,0,0,0,0,0,0,0,0,0,0,0,0,0,0,0,0,0,0,0,0,0,0,0,0,0,0,0,0,0,0,0,0,0,0,0,0,0,0,0,0,0,0,0,0,0,1,3,"H","CTCCTGAA","GCATACAG","GGGACGATAAGACCCTATA ","ATTACGCTGTTATCCCTAAAG ","NC_Sharks","sample",NA,0,0,TRUE,TRUE,0,0
"NC19","Shark19","Carcharhinus acronotus","6/30/20","fecal",0,0,0,0,0,0,0,0,0,0,0,0,0,0,0,0,0,0,0,0,0,0,0,0,0,0,0,0,0,0,0,10,1,0,0,0,0,0,0,0,0,0,0,0,0,0,0,0,0,0,0,0,0,0,0,0,0,0,0,0,0,0,0,0,0,0,0,0,0,0,0,0,0,0,0,0,0,0,0,0,0,0,0,0,0,0,0,0,0,0,0,0,0,0,0,0,0,0,0,0,0,0,0,0,0,0,0,0,0,0,0,0,0,0,0,0,0,0,0,0,0,0,0,0,0,0,0,0,0,0,0,0,0,0,0,0,0,0,0,0,0,0,0,0,0,0,0,0,1,3,"G","AGCCGTAA","GCATACAG","GGGACGATAAGACCCTATA ","ATTACGCTGTTATCCCTAAAG ","NC_Sharks","sample",NA,11,2,TRUE,TRUE,11,2
"NC2","Shark2","Rhizoprionodon terraenovae","6/9/20","fecal",0,0,0,0,0,0,0,0,0,0,0,0,0,0,0,0,0,0,0,0,0,0,0,0,0,0,0,0,0,0,0,0,0,0,0,0,0,0,0,0,0,0,0,0,0,0,0,0,0,0,0,0,0,0,0,0,0,0,0,0,0,0,0,0,0,0,0,0,0,0,0,0,0,0,0,0,0,0,0,0,0,0,0,0,0,0,0,0,0,0,0,0,0,0,0,0,0,0,0,0,0,0,0,0,0,0,0,0,0,0,0,0,0,0,0,0,0,0,0,0,0,0,0,0,0,0,0,0,0,0,0,0,0,0,0,0,0,0,0,0,0,0,0,0,0,0,0,0,1,1,"G","AGCCGTAA","CTAGGTGA","GGGACGATAAGACCCTATA ","ATTACGCTGTTATCCCTAAAG ","NC_Sharks","sample",NA,0,0,TRUE,TRUE,0,0
"NC20","Shark20","Carcharhinus acronotus","6/30/20","fecal",0,0,0,0,0,0,0,0,0,0,0,0,0,0,0,0,0,0,0,0,0,0,0,0,0,0,0,0,0,0,0,0,0,0,0,0,1,0,1,1,0,0,0,0,0,0,0,0,0,0,0,0,0,0,0,0,0,0,0,0,0,0,0,0,0,0,0,0,0,0,0,0,0,0,0,0,0,0,0,0,0,0,0,0,0,0,0,0,0,0,0,0,0,0,0,0,0,0,0,0,0,0,0,0,0,0,0,0,0,0,0,0,0,0,0,0,0,0,0,0,0,0,0,0,0,0,0,0,0,0,0,0,0,0,0,0,0,0,0,0,0,0,0,0,0,0,0,0,1,3,"F","GATACCTG","GCATACAG","GGGACGATAAGACCCTATA ","ATTACGCTGTTATCCCTAAAG ","NC_Sharks","sample",NA,3,3,TRUE,TRUE,3,3
"NC21","Shark21","Carcharhinus acronotus","6/30/20","fecal",0,0,0,0,0,0,0,0,0,0,0,0,0,0,0,0,0,0,0,0,0,0,0,0,0,0,0,0,0,0,0,0,0,0,0,0,0,0,0,0,1735,0,0,0,0,0,0,0,0,0,0,0,0,0,0,0,0,0,0,0,0,0,0,0,0,0,0,0,0,0,0,0,0,0,0,0,0,0,0,0,0,0,0,0,0,0,0,0,0,0,0,0,0,0,0,0,0,0,0,0,0,0,0,0,0,0,0,0,0,0,0,0,0,0,0,0,0,0,0,0,0,0,0,0,0,0,0,0,0,0,0,0,0,0,0,0,0,0,0,0,0,0,0,0,0,0,0,0,1,3,"E","TGTTCCGT","GCATACAG","GGGACGATAAGACCCTATA ","ATTACGCTGTTATCCCTAAAG ","NC_Sharks","sample",NA,1735,1,TRUE,TRUE,1735,1
"NC22","Shark22","Carcharhinus acronotus","6/30/20","fecal",0,0,0,0,0,0,0,0,0,0,0,0,0,0,0,0,0,0,0,0,0,0,0,0,0,0,0,0,0,0,0,0,0,0,0,0,0,0,0,0,0,1,0,0,0,0,0,0,0,0,0,0,0,0,0,0,0,0,0,0,0,0,0,0,0,0,0,0,0,0,0,0,0,0,0,0,0,0,0,0,0,0,0,0,0,0,0,0,0,0,0,0,0,0,0,0,0,0,0,0,0,0,0,0,0,0,0,0,0,0,0,0,0,0,0,0,0,0,0,0,0,0,0,0,0,0,0,0,0,0,0,0,0,0,0,0,0,0,0,0,0,0,0,0,0,0,0,0,1,3,"D","CCACTAAG","GCATACAG","GGGACGATAAGACCCTATA ","ATTACGCTGTTATCCCTAAAG ","NC_Sharks","sample",NA,1,1,TRUE,TRUE,1,1
"NC23","Shark23","Sphyrna tiburo","6/30/20","fecal",6333,0,0,0,0,0,0,0,0,0,0,84,0,0,0,0,0,0,0,0,0,0,0,0,0,0,0,6,0,0,6,0,0,0,0,0,0,0,0,0,0,0,109,51,0,7,0,1,1,1,0,0,0,0,0,0,0,0,0,0,0,0,0,0,0,0,0,0,0,0,0,0,0,0,0,0,0,0,0,0,0,0,0,0,0,0,0,0,0,0,0,0,0,0,0,0,0,0,0,0,0,0,0,0,0,0,0,0,0,0,0,0,0,0,0,0,0,0,0,0,0,0,0,0,0,0,0,0,0,0,0,0,0,0,0,0,0,0,0,0,0,0,0,0,0,0,0,0,1,3,"C","ACAGAGGT","GCATACAG","GGGACGATAAGACCCTATA ","ATTACGCTGTTATCCCTAAAG ","NC_Sharks","sample",NA,6599,10,TRUE,TRUE,6599,10
"NC24","Shark24","Carcharhinus acronotus","7/6/20","fecal",0,0,0,0,0,0,0,0,0,0,0,0,0,0,0,0,0,28,0,0,0,0,0,0,0,0,0,0,14090,0,0,0,0,0,0,0,0,0,0,0,0,0,0,0,0,0,0,0,0,0,20,20,75,435,19,11,10,0,0,0,0,0,0,0,0,0,0,0,0,0,0,0,0,0,0,0,0,0,0,0,0,0,0,0,0,0,0,0,0,0,0,0,0,0,0,0,0,0,0,0,0,0,0,0,0,0,0,0,0,0,0,0,0,0,0,0,0,0,0,0,0,0,0,0,0,0,0,0,0,0,0,0,0,0,0,0,0,0,0,0,0,0,0,0,0,0,0,0,1,3,"B","GCATAACG","GCATACAG","GGGACGATAAGACCCTATA ","ATTACGCTGTTATCCCTAAAG ","NC_Sharks","sample",NA,14708,9,TRUE,TRUE,14708,9
"NC25","Shark25","Carcharhinus acronotus","7/6/20","fecal",0,0,0,0,0,0,0,0,0,0,0,0,0,0,0,0,0,0,0,0,0,0,0,0,0,0,0,0,0,0,0,0,0,0,0,0,0,0,0,0,0,0,0,0,0,0,0,0,0,0,0,0,0,0,0,0,0,0,0,0,0,0,0,0,0,0,0,0,0,0,0,0,0,0,0,0,0,0,0,0,0,0,0,0,0,0,0,0,0,0,0,0,0,0,0,0,0,0,0,0,0,0,0,0,0,0,0,0,0,0,0,0,0,0,0,0,0,0,0,0,0,0,0,0,0,0,0,0,0,0,0,0,0,0,0,0,0,0,0,0,0,0,0,0,0,0,0,0,1,3,"A","GACACAGT","GCATACAG","GGGACGATAAGACCCTATA ","ATTACGCTGTTATCCCTAAAG ","NC_Sharks","sample",NA,0,0,TRUE,TRUE,0,0
"NC26","Shark26","Carcharhinus acronotus","7/6/20","fecal",0,0,0,0,0,0,0,0,0,0,0,0,0,0,0,0,0,0,0,0,0,0,0,0,0,0,0,0,0,0,0,0,0,0,0,0,0,0,0,0,0,0,0,0,0,0,0,0,0,0,0,0,0,0,0,0,0,0,0,0,0,0,0,0,0,0,0,0,0,0,0,0,0,0,0,0,0,0,0,0,0,0,0,0,0,0,0,0,0,0,0,0,0,0,0,0,0,0,0,0,0,0,0,0,0,0,0,0,0,0,0,0,0,0,0,0,0,0,0,0,0,0,0,0,0,0,0,0,0,0,0,0,0,0,0,0,0,0,0,0,0,0,0,0,0,0,0,0,1,4,"H","CTCCTGAA","TGCGAACT","GGGACGATAAGACCCTATA ","ATTACGCTGTTATCCCTAAAG ","NC_Sharks","sample",NA,0,0,TRUE,TRUE,0,0
"NC27","Shark27","Carcharhinus acronotus","7/6/20","fecal",0,0,0,0,0,0,0,0,0,0,0,0,0,0,0,0,0,0,0,0,0,0,0,0,0,0,0,0,0,0,0,0,0,0,0,0,0,0,0,0,0,0,0,0,0,0,0,0,0,0,0,0,0,0,0,0,0,295,1,0,0,0,0,0,0,0,0,0,0,0,0,0,0,0,0,0,0,0,0,0,0,0,0,0,0,0,0,0,0,0,0,0,0,0,0,0,0,0,0,0,0,0,0,0,0,0,0,0,0,0,0,0,0,0,0,0,0,0,0,0,0,0,0,0,0,0,0,0,0,0,0,0,0,0,0,0,0,0,0,0,0,0,0,0,0,0,0,0,1,4,"G","AGCCGTAA","TGCGAACT","GGGACGATAAGACCCTATA ","ATTACGCTGTTATCCCTAAAG ","NC_Sharks","sample",NA,296,2,TRUE,TRUE,296,2
"NC28","Shark28","Rhizoprionodon terraenovae","7/7/20","fecal",0,0,0,0,0,0,0,0,0,0,0,0,0,0,0,0,0,0,0,0,0,0,0,0,0,0,0,0,0,0,0,0,0,0,0,0,0,0,0,0,0,0,0,0,0,0,0,0,0,0,0,0,0,0,0,0,0,0,0,0,0,0,0,0,0,0,0,0,0,0,0,0,0,0,0,0,0,0,0,0,0,0,0,0,0,0,0,0,0,0,0,0,0,0,0,0,0,0,0,0,0,0,0,0,0,0,0,0,0,0,0,0,0,0,0,0,0,0,0,0,0,0,0,0,0,0,0,0,0,0,0,0,0,0,0,0,0,0,0,0,0,0,0,0,0,0,0,0,1,4,"F","GATACCTG","TGCGAACT","GGGACGATAAGACCCTATA ","ATTACGCTGTTATCCCTAAAG ","NC_Sharks","sample",NA,0,0,TRUE,TRUE,0,0
"NC29","Shark29","Rhizoprionodon terraenovae","7/7/20","fecal",0,0,0,0,0,0,0,0,0,0,0,0,0,0,0,0,0,0,0,0,0,0,0,0,0,0,0,0,0,0,0,0,0,0,0,0,0,0,0,0,0,0,0,0,0,0,0,0,0,0,0,0,0,0,0,0,0,0,0,0,10,1,0,0,0,0,0,0,0,0,0,0,0,0,0,0,0,0,0,0,0,0,0,0,0,0,0,0,0,0,0,0,0,0,0,0,0,0,0,0,0,0,0,0,0,0,0,0,0,0,0,0,0,0,0,0,0,0,0,0,0,0,0,0,0,0,0,0,0,0,0,0,0,0,0,0,0,0,0,0,0,0,0,0,0,0,0,0,1,4,"E","TGTTCCGT","TGCGAACT","GGGACGATAAGACCCTATA ","ATTACGCTGTTATCCCTAAAG ","NC_Sharks","sample",NA,11,2,TRUE,TRUE,11,2
"NC3","Shark3","Rhizoprionodon terraenovae","6/9/20","fecal",0,0,0,0,0,0,0,0,0,0,0,0,0,0,0,0,0,0,0,0,0,0,0,0,0,0,0,0,0,0,0,0,0,0,0,0,0,0,0,0,0,0,0,0,0,0,0,0,0,0,0,0,0,0,0,0,0,0,0,0,0,0,0,0,0,0,0,0,0,0,0,0,0,0,0,0,0,0,0,0,0,0,0,0,0,0,0,0,0,0,0,0,0,0,0,0,0,0,0,0,0,0,0,0,0,0,0,0,0,0,0,0,0,0,0,0,0,0,0,0,0,0,0,0,0,0,0,0,0,0,0,0,0,0,0,0,0,0,0,0,0,0,0,0,0,0,0,0,1,1,"F","GATACCTG","CTAGGTGA","GGGACGATAAGACCCTATA ","ATTACGCTGTTATCCCTAAAG ","NC_Sharks","sample",NA,0,0,TRUE,TRUE,0,0
"NC30","Shark30","Rhizoprionodon terraenovae","7/7/20","fecal",0,0,0,0,0,0,0,0,0,0,0,0,0,0,0,0,0,0,0,0,0,0,0,0,0,0,0,0,0,0,0,0,0,0,0,0,0,0,0,0,0,0,0,0,0,0,0,1,0,0,0,0,0,0,0,0,0,0,0,0,0,0,0,0,0,0,0,0,0,0,0,0,0,0,0,0,0,0,0,0,0,0,0,0,0,0,0,0,0,0,0,0,0,0,0,0,0,0,0,0,0,0,0,0,0,0,0,0,0,0,0,0,0,0,0,0,0,0,0,0,0,0,0,0,0,0,0,0,0,0,0,0,0,0,0,0,0,0,0,0,0,0,0,0,0,0,0,0,1,4,"D","CCACTAAG","TGCGAACT","GGGACGATAAGACCCTATA ","ATTACGCTGTTATCCCTAAAG ","NC_Sharks","sample",NA,1,1,TRUE,TRUE,1,1
"NC31","Shark31","Rhizoprionodon terraenovae","7/7/20","fecal",0,0,0,0,0,0,0,0,0,0,0,0,0,0,0,0,0,0,1,0,0,0,0,0,1,0,0,0,0,0,0,0,0,0,0,0,0,0,0,0,0,0,0,0,0,0,0,0,0,0,0,0,0,0,0,0,0,0,0,0,0,0,0,0,0,0,0,0,0,0,0,0,0,0,0,0,0,0,0,0,0,0,0,0,0,0,0,0,0,0,0,0,0,0,0,0,0,0,0,0,0,0,0,0,0,0,0,0,0,0,0,0,0,0,0,0,0,0,0,0,0,0,0,0,0,0,0,0,0,0,0,0,0,0,0,0,0,0,0,0,0,0,0,0,0,0,0,0,1,4,"C","ACAGAGGT","TGCGAACT","GGGACGATAAGACCCTATA ","ATTACGCTGTTATCCCTAAAG ","NC_Sharks","sample",NA,2,2,TRUE,TRUE,2,2
"NC32","Shark32","Carcharhinus acronotus","7/10/20","fecal",0,0,0,0,0,0,0,0,0,0,0,0,0,0,0,0,0,0,0,0,0,0,0,0,0,0,0,0,0,0,0,0,0,0,0,0,0,0,0,0,0,0,0,0,0,0,0,0,0,0,0,0,0,0,0,0,0,0,0,0,0,0,0,0,0,0,0,0,0,0,0,0,0,0,0,0,0,0,0,0,0,0,0,0,0,0,0,0,0,0,0,0,0,0,0,0,0,0,0,0,0,0,0,0,0,0,0,0,0,0,0,0,0,0,0,0,0,0,0,0,0,0,0,0,0,0,0,0,0,0,0,0,0,0,0,0,0,0,0,0,0,0,0,0,0,0,0,0,1,4,"B","GCATAACG","TGCGAACT","GGGACGATAAGACCCTATA ","ATTACGCTGTTATCCCTAAAG ","NC_Sharks","sample",NA,0,0,TRUE,TRUE,0,0
"NC33","Shark33","Carcharhinus acronotus","7/10/20","fecal",0,0,0,0,0,0,0,0,0,0,0,0,0,0,0,0,0,0,0,0,0,0,0,0,0,0,0,0,195,0,0,0,0,0,0,0,0,0,0,0,0,0,0,0,0,0,0,0,0,0,0,0,3,10,0,0,1,0,0,0,0,0,0,0,0,0,0,0,0,0,0,0,0,0,0,0,0,0,0,0,0,0,0,0,0,0,0,0,0,0,0,0,0,0,0,0,0,0,0,0,0,0,0,0,0,0,0,0,0,0,0,0,0,0,0,0,0,0,0,0,0,0,0,0,0,0,0,0,0,0,0,0,0,0,0,0,0,0,0,0,0,0,0,0,0,0,0,0,1,4,"A","GACACAGT","TGCGAACT","GGGACGATAAGACCCTATA ","ATTACGCTGTTATCCCTAAAG ","NC_Sharks","sample",NA,209,4,TRUE,TRUE,209,4
"NC34","Shark34","Sphyrna tiburo","7/10/20","fecal",0,0,0,0,0,0,0,0,0,0,0,0,0,0,0,0,0,0,0,0,0,0,0,0,0,0,0,0,0,0,0,0,0,0,0,0,0,0,0,0,0,0,0,0,0,0,0,0,0,0,0,0,0,0,0,0,0,0,0,0,0,0,0,0,0,0,0,0,0,0,0,0,0,0,0,0,0,0,0,0,0,0,0,0,0,0,0,0,0,0,0,0,0,0,0,0,0,0,0,0,0,0,0,0,0,0,0,0,0,0,0,0,0,0,0,0,0,0,0,0,0,0,0,0,0,0,0,0,0,0,0,0,0,0,0,0,0,0,0,0,0,0,0,0,0,0,0,0,1,5,"H","CTCCTGAA","TCTCCGAT","GGGACGATAAGACCCTATA ","ATTACGCTGTTATCCCTAAAG ","NC_Sharks","sample",NA,0,0,TRUE,TRUE,0,0
"NC35","Shark35","Carcharhinus acronotus","7/10/20","fecal",0,0,0,0,0,0,0,0,0,0,0,0,0,0,0,0,0,0,0,0,0,0,0,0,0,0,0,0,0,0,0,0,0,0,0,0,0,0,0,0,0,0,0,0,0,0,0,0,0,0,0,0,0,0,0,0,0,0,0,0,0,0,0,0,0,0,0,0,0,0,0,0,0,0,0,0,0,0,0,0,0,0,0,0,0,0,0,0,0,0,0,0,0,0,0,0,0,0,0,0,0,0,0,0,0,0,0,0,0,0,0,0,0,0,0,0,0,0,0,0,0,0,0,0,0,0,0,0,0,0,0,0,0,0,0,0,0,0,0,0,0,0,0,0,0,0,0,0,1,5,"G","AGCCGTAA","TCTCCGAT","GGGACGATAAGACCCTATA ","ATTACGCTGTTATCCCTAAAG ","NC_Sharks","sample",NA,0,0,TRUE,TRUE,0,0
"NC36","Shark36","Carcharhinus limbatus","7/10/20","fecal",0,0,0,0,0,0,0,0,0,0,0,0,0,0,0,0,0,0,0,0,0,0,0,0,0,0,0,0,0,0,0,0,0,0,0,0,1,0,0,0,0,0,0,0,0,0,0,0,0,0,0,0,0,0,0,0,0,0,0,0,0,0,0,0,0,0,0,0,0,0,0,0,0,0,0,0,0,0,0,0,0,0,0,0,0,0,0,0,0,0,0,0,0,0,0,0,0,0,0,0,0,0,0,0,0,0,0,0,0,0,0,0,0,0,0,0,0,0,0,0,0,0,0,0,0,0,0,0,0,0,0,0,0,0,0,0,0,0,0,0,0,0,0,0,0,0,0,0,1,5,"F","GATACCTG","TCTCCGAT","GGGACGATAAGACCCTATA ","ATTACGCTGTTATCCCTAAAG ","NC_Sharks","sample",NA,1,1,TRUE,TRUE,1,1
"NC37","Shark37","Rhizoprionodon terraenovae","7/10/20","fecal",0,0,0,0,0,0,0,0,0,0,0,0,0,0,0,0,0,0,0,0,0,0,0,0,0,1097,0,0,0,0,0,0,0,0,0,0,0,0,0,0,0,0,0,0,0,0,0,0,0,0,0,0,0,0,0,0,0,0,0,0,0,0,1,0,0,0,0,0,0,0,0,0,0,0,0,0,0,0,0,0,0,0,0,0,0,0,0,0,0,0,0,0,0,0,0,0,0,0,0,0,0,0,0,0,0,0,0,0,0,0,0,0,0,0,0,0,0,0,0,0,0,0,0,0,0,0,0,0,0,0,0,0,0,0,0,0,0,0,0,0,0,0,0,0,0,0,0,0,1,5,"E","TGTTCCGT","TCTCCGAT","GGGACGATAAGACCCTATA ","ATTACGCTGTTATCCCTAAAG ","NC_Sharks","sample",NA,1098,2,TRUE,TRUE,1098,2
"NC38","Shark38","Sphyrna tiburo","7/10/20","fecal",29793,0,0,0,0,0,0,0,0,1482,0,661,0,0,0,0,0,0,0,0,0,0,0,0,0,0,21,6,0,0,36,0,1,0,0,0,0,0,0,0,0,4,0,277,0,45,0,4,1,2,0,0,0,0,0,0,0,0,0,0,0,0,0,4,49,1,0,0,0,0,0,0,0,0,0,0,0,0,0,0,0,0,0,0,0,0,0,0,0,0,0,0,0,0,0,0,0,0,0,0,0,0,0,0,0,0,0,0,0,0,0,0,0,0,0,0,0,0,0,0,0,0,0,0,0,0,0,0,0,0,0,0,0,0,0,0,0,0,0,0,0,0,0,0,0,0,0,0,1,5,"D","CCACTAAG","TCTCCGAT","GGGACGATAAGACCCTATA ","ATTACGCTGTTATCCCTAAAG ","NC_Sharks","sample",NA,32387,16,TRUE,TRUE,32387,16
"NC39","Shark39","Carcharhinus acronotus","7/15/20","fecal",0,0,0,0,0,0,0,0,0,0,0,0,0,0,0,0,0,0,0,0,0,0,0,0,0,0,0,0,0,0,0,0,0,0,0,0,0,0,0,0,0,0,0,0,0,0,0,0,0,0,0,1,0,0,0,1,0,0,0,0,0,0,0,0,1,0,0,0,0,0,0,0,0,0,0,0,0,0,0,0,0,0,0,0,0,0,0,0,0,0,0,0,0,0,0,0,0,0,0,0,0,0,0,0,0,0,0,0,0,0,0,0,0,0,0,0,0,0,0,0,0,0,0,0,0,0,0,0,0,0,0,0,0,0,0,0,0,0,0,0,0,0,0,0,0,0,0,0,1,5,"C","ACAGAGGT","TCTCCGAT","GGGACGATAAGACCCTATA ","ATTACGCTGTTATCCCTAAAG ","NC_Sharks","sample",NA,3,3,TRUE,TRUE,3,3
"NC4","Shark4","Rhizoprionodon terraenovae","6/9/20","fecal",0,0,0,0,0,0,0,0,0,0,0,0,0,0,0,0,0,0,0,0,0,0,0,0,0,0,0,0,0,0,0,0,0,0,0,0,0,0,0,0,0,0,0,0,0,0,0,0,0,0,0,0,0,0,0,0,0,0,0,0,0,0,0,0,0,0,0,0,0,0,0,0,0,0,0,0,0,0,0,0,0,0,0,0,0,0,0,0,0,0,0,0,0,0,0,0,0,0,0,0,0,0,0,0,0,0,0,0,0,0,0,0,0,0,0,0,0,0,0,0,0,0,0,0,0,0,0,0,0,0,0,0,0,0,0,0,0,0,0,0,0,0,0,0,0,0,0,0,1,1,"E","TGTTCCGT","CTAGGTGA","GGGACGATAAGACCCTATA ","ATTACGCTGTTATCCCTAAAG ","NC_Sharks","sample",NA,0,0,TRUE,TRUE,0,0
"NC40","Shark40","Carcharhinus acronotus","7/15/20","fecal",0,0,0,0,0,0,0,0,0,0,0,0,0,0,0,0,0,0,0,0,0,0,0,0,0,0,0,0,0,0,0,0,0,0,0,0,0,0,0,0,0,0,0,0,0,0,0,0,0,0,0,0,0,0,0,0,0,0,0,0,0,0,0,0,0,0,0,0,0,0,0,0,0,0,0,0,0,0,0,0,0,0,0,0,0,0,0,0,0,0,0,0,0,0,0,0,0,0,0,0,0,0,0,0,0,0,0,0,0,0,0,0,0,0,0,0,0,0,0,0,0,0,0,0,0,0,0,0,0,0,0,0,0,0,0,0,0,0,0,0,0,0,0,0,0,0,0,0,1,5,"B","GCATAACG","TCTCCGAT","GGGACGATAAGACCCTATA ","ATTACGCTGTTATCCCTAAAG ","NC_Sharks","sample",NA,0,0,TRUE,TRUE,0,0
"NC41","Shark41","Carcharhinus acronotus","7/15/20","fecal",0,0,0,0,0,0,0,0,0,0,0,0,0,0,0,0,0,0,0,0,0,0,0,0,0,0,0,0,0,0,0,0,0,0,0,0,0,0,0,0,0,0,0,0,0,0,0,0,0,0,0,0,0,0,0,0,0,0,0,0,0,0,0,0,0,0,0,0,0,0,0,0,0,0,0,0,0,0,0,0,0,0,0,0,0,0,0,0,0,0,0,0,0,0,0,0,0,0,0,0,0,0,0,0,0,0,0,0,0,0,0,0,0,0,0,0,0,0,0,0,0,0,0,0,0,0,0,0,0,0,0,0,0,0,0,0,0,0,0,0,0,0,0,0,0,0,0,0,1,5,"A","GACACAGT","TCTCCGAT","GGGACGATAAGACCCTATA ","ATTACGCTGTTATCCCTAAAG ","NC_Sharks","sample",NA,0,0,TRUE,TRUE,0,0
"NC42","Shark42","Carcharhinus acronotus","7/15/20","fecal",0,0,0,0,0,0,0,0,0,0,0,0,0,0,0,0,0,0,0,0,0,0,0,0,0,0,0,0,0,0,0,0,0,0,0,0,0,0,0,0,0,0,0,0,0,0,0,0,0,0,0,0,0,0,0,0,0,0,0,0,0,0,0,0,0,0,0,0,0,0,0,0,0,0,0,0,0,0,0,0,0,0,0,0,0,0,0,0,0,0,0,0,0,0,0,0,0,0,0,0,0,0,0,0,0,0,0,0,0,0,0,0,0,0,0,0,0,0,0,0,0,0,0,0,0,0,0,0,0,0,0,0,0,0,0,0,0,0,0,0,0,0,0,0,0,0,0,0,1,6,"H","CTCCTGAA","GAGGACTT","GGGACGATAAGACCCTATA ","ATTACGCTGTTATCCCTAAAG ","NC_Sharks","sample",NA,0,0,TRUE,TRUE,0,0
"NC43","Shark43","Sphyrna tiburo","7/15/20","fecal",0,0,0,0,0,0,0,0,0,0,0,0,0,0,0,0,0,0,0,0,0,0,0,0,0,0,0,0,0,0,4,0,0,0,0,0,0,0,0,0,0,1,0,0,0,4,0,0,0,0,0,0,0,0,0,0,0,0,0,0,0,0,0,0,0,0,0,0,0,0,0,0,0,0,0,0,0,0,0,0,0,0,0,0,0,0,0,0,0,0,0,0,0,0,0,0,0,0,0,0,0,0,0,0,0,0,0,0,0,0,0,0,0,0,0,0,0,0,0,0,0,0,0,0,0,0,0,0,0,0,0,0,0,0,0,0,0,0,0,0,0,0,0,0,0,0,0,0,1,6,"G","AGCCGTAA","GAGGACTT","GGGACGATAAGACCCTATA ","ATTACGCTGTTATCCCTAAAG ","NC_Sharks","sample",NA,9,3,TRUE,TRUE,9,3
"NC44","Shark44","Sphyrna tiburo","7/15/20","fecal",0,0,0,0,0,0,0,2288,0,146,21509,0,0,22,143,6,16,0,73,47,23,506,0,300,26,0,1081,0,0,0,0,0,9,0,0,16,51,36,39,5,0,0,20,0,0,0,0,0,0,0,0,0,0,0,0,0,0,0,5,0,0,0,2,1,0,7,0,0,5,14,44,46,3,19,28,12,47,5,4,4,3,5,22,2,0,3,2,2,1,2,1,1,2,30,1,1,0,0,0,0,0,0,0,0,0,0,0,0,0,0,0,0,0,0,0,0,0,0,0,0,0,0,0,0,0,0,0,0,0,0,0,0,0,0,0,0,0,0,0,0,0,0,0,0,0,0,0,0,1,6,"F","GATACCTG","GAGGACTT","GGGACGATAAGACCCTATA ","ATTACGCTGTTATCCCTAAAG ","NC_Sharks","sample",NA,26686,52,TRUE,TRUE,26686,52
"NC46","Shark46","Rhizoprionodon terraenovae","7/15/20","fecal",0,0,0,0,0,0,0,0,0,0,0,0,0,0,0,0,0,0,0,0,0,0,0,0,0,0,0,0,0,0,0,0,0,0,0,0,0,0,0,0,0,0,0,0,0,0,0,0,0,0,0,0,0,0,0,0,0,0,0,0,0,0,0,0,0,0,0,0,0,0,0,0,0,0,0,0,0,0,0,0,0,0,0,0,0,0,0,0,0,0,0,0,0,0,0,0,0,0,0,0,0,0,0,0,0,0,0,0,0,0,0,0,0,0,0,0,0,0,0,0,0,0,0,0,0,0,0,0,0,0,0,0,0,0,0,0,0,0,0,0,0,0,0,0,0,0,0,0,1,6,"D","CCACTAAG","GAGGACTT","GGGACGATAAGACCCTATA ","ATTACGCTGTTATCCCTAAAG ","NC_Sharks","sample",NA,0,0,TRUE,TRUE,0,0
"NC47","Shark47","Sphyrna tiburo","7/15/20","fecal",4644,0,0,0,0,0,0,0,0,0,8022,84,0,25,24,3,5,0,23,13,10,162,0,114,5,0,5111,2,0,0,4,0,0,0,0,0,7,0,10,0,0,0,170,51,0,9,0,0,1,0,0,0,0,0,0,0,0,0,0,0,0,0,0,0,0,0,0,0,1,0,9,10,0,4,11,3,0,0,0,0,0,6,0,0,0,0,0,0,0,0,0,0,0,0,0,0,5,0,0,0,0,0,0,0,0,0,0,0,0,0,0,0,0,0,0,0,0,0,0,0,0,0,0,0,0,0,0,0,0,0,0,0,0,0,0,0,0,0,0,0,0,0,0,0,0,0,0,0,1,6,"C","ACAGAGGT","GAGGACTT","GGGACGATAAGACCCTATA ","ATTACGCTGTTATCCCTAAAG ","NC_Sharks","sample",NA,18548,30,TRUE,TRUE,18548,30
"NC48","Shark48","Sphyrna tiburo","7/15/20","fecal",4123,0,0,0,0,0,0,0,0,111,0,82,0,0,0,0,0,0,0,0,0,0,0,0,0,0,0,3,0,0,5,0,0,0,0,0,0,0,0,0,0,0,0,33,0,7,0,1,1,0,0,0,0,0,0,0,0,0,0,0,0,0,0,3,0,0,0,0,0,0,0,0,0,0,0,0,0,0,0,0,0,0,0,0,0,0,0,0,0,0,0,0,0,0,0,0,0,0,0,0,0,0,0,0,0,0,0,0,0,0,0,0,0,0,0,0,0,0,0,0,0,0,0,0,0,0,0,0,0,0,0,0,0,0,0,0,0,0,0,0,0,0,0,0,0,0,0,0,1,6,"B","GCATAACG","GAGGACTT","GGGACGATAAGACCCTATA ","ATTACGCTGTTATCCCTAAAG ","NC_Sharks","sample",NA,4369,10,TRUE,TRUE,4369,10
"NC49","Shark49","Carcharhinus limbatus","7/20/20","fecal",0,0,0,0,0,0,0,0,0,0,0,0,0,0,0,0,0,0,0,0,0,0,0,0,0,0,0,0,0,0,0,0,0,0,0,0,0,0,0,0,0,0,0,0,0,0,0,0,0,0,0,0,0,0,0,0,0,0,0,0,0,0,0,0,0,0,0,0,0,0,0,0,0,0,0,0,0,0,0,0,0,0,0,0,0,0,0,0,0,0,0,0,0,0,0,0,0,0,0,0,0,0,0,0,0,0,0,0,0,0,0,0,0,0,0,0,0,0,0,0,0,0,0,0,0,0,0,0,0,0,0,0,0,0,0,0,0,0,0,0,0,0,0,0,0,0,0,0,1,6,"A","GACACAGT","GAGGACTT","GGGACGATAAGACCCTATA ","ATTACGCTGTTATCCCTAAAG ","NC_Sharks","sample",NA,0,0,TRUE,TRUE,0,0
"NC5","Shark5","Carcharhinus acronotus","6/9/20","fecal",0,0,0,0,0,0,0,0,0,0,0,0,0,0,0,0,0,0,0,0,0,0,0,0,0,0,0,0,0,0,0,0,0,0,0,0,0,0,0,0,0,0,0,0,0,0,0,0,0,0,0,0,0,0,0,0,0,0,0,0,0,0,0,0,0,0,0,0,0,0,0,0,0,0,0,0,0,0,0,0,0,0,0,1,0,0,0,0,0,0,0,0,0,0,0,0,0,0,0,0,0,0,0,0,0,0,0,0,0,0,0,0,0,0,0,0,0,0,0,0,0,0,0,0,0,0,0,0,0,0,0,0,0,0,0,0,0,0,0,0,0,0,0,0,0,0,0,0,1,1,"D","CCACTAAG","CTAGGTGA","GGGACGATAAGACCCTATA ","ATTACGCTGTTATCCCTAAAG ","NC_Sharks","sample",NA,1,1,TRUE,TRUE,1,1
"NC50","Shark50","Rhizoprionodon terraenovae","7/21/20","fecal",0,0,0,0,0,0,0,0,0,0,0,0,0,1,0,0,0,0,0,0,0,0,0,0,0,0,0,0,0,0,0,0,0,0,0,0,0,0,0,0,0,0,0,0,0,0,0,0,0,0,0,0,0,0,0,0,0,0,0,0,0,0,0,0,0,0,0,0,0,0,0,0,0,0,0,0,0,0,0,0,0,0,0,0,0,0,0,0,0,0,0,0,0,0,0,0,0,0,0,0,0,0,0,0,0,0,0,0,0,0,0,0,0,0,0,0,0,0,0,0,0,0,0,0,0,0,0,0,0,0,0,0,0,0,0,0,0,0,0,0,0,0,0,0,0,0,0,0,1,7,"H","CTCCTGAA","ACCATCCA","GGGACGATAAGACCCTATA ","ATTACGCTGTTATCCCTAAAG ","NC_Sharks","sample",NA,1,1,TRUE,TRUE,1,1
"NC51","Shark51","Carcharhinus acronotus","7/27/20","fecal",10457,0,0,0,0,0,0,4160,0,0,0,226,0,0,0,0,0,0,0,0,0,0,0,0,0,0,0,0,0,0,8,0,9,0,0,17,0,57,0,0,0,1,0,93,0,12,0,5,2,1,0,0,0,0,0,0,0,0,3,0,0,0,7,1,0,9,0,0,3,39,0,0,15,0,0,0,103,12,4,5,2,0,43,5,0,10,1,2,5,3,5,2,4,32,0,7,0,0,2,1,4,2,3,1,0,0,0,0,0,0,0,0,0,0,0,0,0,0,0,0,0,0,0,0,0,0,0,0,0,0,0,0,0,0,0,0,0,0,0,0,0,0,0,0,0,0,0,0,1,7,"G","AGCCGTAA","ACCATCCA","GGGACGATAAGACCCTATA ","ATTACGCTGTTATCCCTAAAG ","NC_Sharks","sample",NA,15383,43,TRUE,TRUE,15383,43
"NC52","Shark52","Sphyrna tiburo","7/27/20","fecal",0,0,0,0,0,0,0,0,0,0,0,0,0,0,0,0,0,0,0,0,0,0,0,0,0,0,0,0,0,0,0,0,0,0,0,0,1,0,0,0,0,0,0,0,0,0,0,0,0,0,0,0,0,0,0,0,0,0,0,0,0,0,0,0,0,0,0,0,0,0,0,0,0,0,0,0,0,0,0,0,0,0,0,0,0,0,0,0,0,0,0,0,0,0,0,0,0,0,0,0,0,0,0,0,0,0,0,0,0,0,0,0,0,0,0,0,0,0,0,0,0,0,0,0,0,0,0,0,0,0,0,0,0,0,0,0,0,0,0,0,0,0,0,0,0,0,0,0,1,7,"F","GATACCTG","ACCATCCA","GGGACGATAAGACCCTATA ","ATTACGCTGTTATCCCTAAAG ","NC_Sharks","sample",NA,1,1,TRUE,TRUE,1,1
"NC53","Shark53","Carcharhinus acronotus","7/27/20","fecal",0,0,0,0,0,0,0,0,0,0,0,0,0,0,0,0,0,0,0,0,0,0,0,0,0,0,0,0,0,0,0,0,0,0,0,0,0,0,0,0,0,0,0,0,0,0,0,0,0,0,0,0,0,0,0,0,0,0,0,0,0,0,0,0,0,0,0,0,0,0,0,0,0,0,0,0,0,0,0,1,0,0,0,0,0,0,0,0,0,0,0,0,0,0,0,0,0,0,0,0,0,0,0,0,0,0,0,0,0,0,0,0,0,0,0,0,0,0,0,0,0,0,0,0,0,0,0,0,0,0,0,0,0,0,0,0,0,0,0,0,0,0,0,0,0,0,0,0,1,7,"E","TGTTCCGT","ACCATCCA","GGGACGATAAGACCCTATA ","ATTACGCTGTTATCCCTAAAG ","NC_Sharks","sample",NA,1,1,TRUE,TRUE,1,1
"NC54","Shark54","Carcharhinus acronotus","7/27/20","fecal",0,0,0,0,0,0,0,2397,0,0,0,0,0,0,0,0,0,0,0,0,0,0,0,0,0,0,0,0,0,0,0,0,9,0,0,7,0,36,0,0,0,0,0,0,0,0,0,0,0,0,0,0,0,0,0,0,0,0,2,0,0,0,3,0,0,5,0,0,2,24,0,0,4,0,0,0,65,3,2,4,0,0,21,1,0,1,1,1,3,4,2,1,1,53,0,7,0,0,0,0,4,2,1,1,1,0,0,0,0,0,0,0,0,0,0,0,0,0,0,0,0,0,0,0,0,0,0,0,0,0,0,0,0,0,0,0,0,0,0,0,0,0,0,0,0,0,0,0,1,7,"D","CCACTAAG","ACCATCCA","GGGACGATAAGACCCTATA ","ATTACGCTGTTATCCCTAAAG ","NC_Sharks","sample",NA,2668,31,TRUE,TRUE,2668,31
"NC55","Shark55","Carcharhinus acronotus","7/27/20","fecal",0,0,0,0,0,0,0,0,0,0,0,0,0,0,0,0,0,0,0,0,0,0,0,0,0,0,0,0,0,0,0,0,0,0,0,0,0,0,0,0,0,0,0,0,0,0,0,0,0,0,0,0,0,0,0,0,0,0,0,0,0,0,0,0,0,0,0,0,0,0,0,0,0,0,0,0,0,0,0,0,0,0,0,0,0,0,0,0,0,0,0,0,0,0,0,0,0,0,0,0,0,0,0,0,0,0,0,0,0,0,0,0,0,0,0,0,0,0,0,0,0,0,0,0,0,0,0,0,0,0,0,0,0,0,0,0,0,0,0,0,0,0,0,0,0,0,0,0,1,7,"C","ACAGAGGT","ACCATCCA","GGGACGATAAGACCCTATA ","ATTACGCTGTTATCCCTAAAG ","NC_Sharks","sample",NA,0,0,TRUE,TRUE,0,0
"NC56","Shark56","Carcharhinus acronotus","7/27/20","fecal",0,0,0,0,0,0,0,0,0,0,0,0,0,0,0,0,1,0,0,0,0,0,0,0,0,0,0,0,0,0,0,0,1,0,0,2,0,8,0,0,0,0,0,0,0,0,0,0,0,0,0,0,0,0,0,0,0,0,1,0,0,0,0,0,0,0,0,0,0,0,0,0,0,0,0,0,0,1,0,0,1,1,0,0,0,0,0,1,0,0,0,0,0,4,0,0,0,0,0,0,0,0,0,0,0,559,0,1,0,0,0,0,0,0,0,0,0,0,0,0,0,0,0,0,0,0,0,0,0,0,0,0,0,0,0,0,0,0,0,0,0,0,0,0,0,0,0,0,1,7,"B","GCATAACG","ACCATCCA","GGGACGATAAGACCCTATA ","ATTACGCTGTTATCCCTAAAG ","NC_Sharks","sample",NA,581,12,TRUE,TRUE,581,12
"NC57","Shark57","Carcharhinus acronotus","7/27/20","fecal",0,0,0,0,0,0,0,514,0,0,0,0,0,0,0,0,0,0,0,0,0,0,0,0,0,0,0,0,0,0,0,0,3,0,0,0,0,7,0,0,0,0,0,0,0,0,0,0,0,0,0,0,0,0,0,0,0,0,1,0,0,0,1,0,0,1,0,0,0,5,0,0,0,0,0,0,17,1,2,0,0,0,0,0,0,0,1,1,0,3,0,1,1,4,0,0,0,0,0,0,0,0,0,0,0,0,0,0,0,0,0,0,0,0,0,0,0,0,0,0,0,0,0,0,0,0,0,0,0,0,0,0,0,0,0,0,0,0,0,0,0,0,0,0,0,0,0,0,1,7,"A","GACACAGT","ACCATCCA","GGGACGATAAGACCCTATA ","ATTACGCTGTTATCCCTAAAG ","NC_Sharks","sample",NA,563,16,TRUE,TRUE,563,16
"NC58","Shark58","Carcharhinus acronotus","7/27/20","fecal",0,0,0,0,0,0,0,0,0,0,0,0,0,0,0,0,0,0,0,0,0,0,0,0,0,0,0,0,0,0,0,0,0,0,0,0,0,0,0,0,0,0,0,0,0,0,0,0,0,0,0,0,0,0,0,0,0,0,0,0,0,0,0,0,0,0,0,0,0,0,0,0,0,0,0,0,0,0,0,0,0,0,0,0,0,0,0,0,0,0,0,0,0,0,0,0,0,0,0,0,0,0,0,0,0,0,0,0,0,0,0,0,0,0,0,0,0,0,0,0,0,0,0,0,0,0,0,0,0,0,0,0,0,0,0,0,0,0,0,0,0,0,0,0,0,0,0,0,1,8,"H","CTCCTGAA","CAACACCT","GGGACGATAAGACCCTATA ","ATTACGCTGTTATCCCTAAAG ","NC_Sharks","sample",NA,0,0,TRUE,TRUE,0,0
"NC59","Shark59","Sphyrna tiburo","7/27/20","fecal",3075,0,0,0,0,0,0,0,0,300,0,63,0,0,0,0,0,0,0,0,0,0,0,0,0,0,0,2,0,0,6,0,0,0,0,0,0,0,0,0,0,0,0,0,0,0,0,1,0,1,0,0,0,0,0,0,0,0,0,0,0,0,0,0,0,0,0,7707,0,0,0,0,0,0,0,751,0,0,0,0,0,0,0,0,0,0,0,0,0,0,0,0,0,0,0,0,0,0,0,0,0,0,0,0,0,0,0,0,0,0,0,0,0,0,0,0,0,0,0,0,0,0,0,0,0,0,0,0,0,0,0,0,0,0,0,0,0,0,0,0,0,0,0,0,0,0,0,0,1,8,"G","AGCCGTAA","CAACACCT","GGGACGATAAGACCCTATA ","ATTACGCTGTTATCCCTAAAG ","NC_Sharks","sample",NA,11906,9,TRUE,TRUE,11906,9
"NC6","Shark6","Rhizoprionodon terraenovae","6/9/20","fecal",0,0,0,0,0,0,0,0,0,0,0,0,0,0,0,0,0,0,0,0,0,0,0,0,0,0,0,0,0,0,0,0,0,0,0,0,0,0,0,0,0,0,0,0,0,0,0,0,0,0,0,0,0,0,0,0,0,0,0,0,0,0,0,0,0,0,0,0,0,0,0,0,0,0,0,0,0,0,0,0,0,0,0,0,0,1,0,0,0,0,0,0,0,0,0,0,0,0,0,0,0,0,0,0,0,0,0,0,0,0,0,0,0,0,0,0,0,0,0,0,0,0,0,0,0,0,0,0,0,0,0,0,0,0,0,0,0,0,0,0,0,0,0,0,0,0,0,0,1,1,"C","ACAGAGGT","CTAGGTGA","GGGACGATAAGACCCTATA ","ATTACGCTGTTATCCCTAAAG ","NC_Sharks","sample",NA,1,1,TRUE,TRUE,1,1
"NC61","Shark61","Rhizoprionodon terraenovae","7/27/20","fecal",0,0,0,0,0,0,0,0,0,0,0,0,0,0,0,0,0,0,0,0,0,0,0,0,0,0,0,0,0,0,0,0,0,0,0,0,0,0,0,0,0,0,0,0,0,0,0,0,0,0,0,0,0,0,0,0,0,0,0,0,0,0,0,0,0,0,0,0,0,0,0,0,0,0,0,0,0,0,0,0,0,0,0,0,0,0,0,0,0,0,0,0,0,0,0,0,0,0,0,0,0,0,0,0,0,0,0,0,0,0,0,0,1,0,0,0,0,0,0,0,0,0,0,0,0,0,0,0,0,0,0,0,0,0,0,0,0,0,0,0,0,0,0,0,0,0,0,0,1,8,"E","TGTTCCGT","CAACACCT","GGGACGATAAGACCCTATA ","ATTACGCTGTTATCCCTAAAG ","NC_Sharks","sample",NA,1,1,TRUE,TRUE,1,1
"NC62","Shark62","Sphyrna tiburo","7/27/20","fecal",37670,0,0,0,0,0,0,0,0,342,0,881,0,0,0,0,0,0,0,0,0,0,0,0,0,0,21,9,0,0,57,0,0,0,0,0,0,0,0,0,0,3,0,351,0,67,18,13,7,3,0,0,0,0,0,0,0,0,0,0,0,0,0,5,0,0,0,0,0,0,0,0,0,0,0,0,0,0,0,0,0,0,0,0,0,0,0,0,0,0,0,0,0,0,0,0,0,0,0,0,0,0,0,0,0,0,0,0,0,0,0,0,0,0,0,0,0,0,0,0,0,0,0,0,0,0,0,0,0,0,0,0,0,0,0,0,0,0,0,0,0,0,0,0,0,0,0,0,1,8,"D","CCACTAAG","CAACACCT","GGGACGATAAGACCCTATA ","ATTACGCTGTTATCCCTAAAG ","NC_Sharks","sample",NA,39447,14,TRUE,TRUE,39447,14
"NC63","Shark63","Rhizoprionodon terraenovae","8/7/20","fecal",0,0,0,0,0,0,0,0,0,0,0,0,0,0,0,0,0,0,0,0,0,0,0,0,0,0,0,0,0,0,0,0,0,0,0,0,0,0,0,0,0,0,0,0,0,0,0,0,0,0,0,0,0,0,0,0,0,0,0,0,0,0,0,0,0,0,0,0,0,0,0,0,0,1,0,0,0,0,0,0,0,0,0,0,0,0,0,0,0,0,0,0,0,0,0,0,0,0,0,0,0,0,0,0,0,0,0,0,0,0,0,0,0,0,0,0,0,0,0,0,0,0,0,0,0,0,0,0,0,0,0,0,0,0,0,0,0,0,0,0,0,0,0,0,0,0,0,0,1,8,"C","ACAGAGGT","CAACACCT","GGGACGATAAGACCCTATA ","ATTACGCTGTTATCCCTAAAG ","NC_Sharks","sample",NA,1,1,TRUE,TRUE,1,1
"NC64","Shark64","Carcharhinus limbatus","8/11/20","fecal",0,0,0,0,0,0,0,0,0,0,0,0,0,0,0,0,0,0,0,0,0,0,0,0,0,0,0,0,0,0,0,0,0,0,0,0,0,0,0,0,0,0,0,0,0,0,0,0,0,0,0,0,0,0,0,0,0,0,0,0,0,0,0,0,0,0,0,0,1,0,0,0,2,0,0,0,0,0,0,0,0,0,5,0,0,0,0,0,0,1,1,1,0,0,0,1,0,0,0,0,0,0,0,0,0,0,0,0,0,0,0,0,0,0,0,0,0,0,0,0,0,0,0,0,0,0,0,0,0,0,0,0,0,0,0,0,0,0,0,0,0,0,0,0,0,0,0,0,1,8,"B","GCATAACG","CAACACCT","GGGACGATAAGACCCTATA ","ATTACGCTGTTATCCCTAAAG ","NC_Sharks","sample",NA,12,7,TRUE,TRUE,12,7
"NC65","Shark65","Rhizoprionodon terraenovae","8/11/20","fecal",0,0,0,0,0,0,0,0,0,0,0,0,0,0,0,0,0,0,0,0,0,0,0,0,0,0,0,0,0,0,0,0,0,0,0,2,0,0,0,0,0,0,0,0,0,0,0,0,0,0,0,0,0,0,0,0,0,0,0,0,0,0,0,0,0,0,0,0,2,0,0,0,0,0,0,0,11,0,0,0,0,0,4,0,0,0,0,0,0,0,1,0,0,0,0,0,0,0,0,1,0,0,0,0,0,0,0,0,0,0,0,0,0,0,0,0,0,0,0,0,0,0,0,0,0,0,0,0,0,0,0,0,0,0,0,0,0,0,0,0,0,0,0,0,0,0,0,0,1,8,"A","GACACAGT","CAACACCT","GGGACGATAAGACCCTATA ","ATTACGCTGTTATCCCTAAAG ","NC_Sharks","sample",NA,21,6,TRUE,TRUE,21,6
"NC66","Shark66","Rhizoprionodon terraenovae","8/11/20","fecal",0,0,0,0,0,0,0,0,0,0,0,0,0,0,0,0,0,0,0,0,0,0,0,0,0,0,0,0,0,0,0,0,0,0,0,0,0,0,0,0,0,0,0,0,0,0,0,0,0,0,0,0,0,0,0,0,0,0,0,0,0,0,0,0,0,0,0,0,0,0,0,0,0,0,0,0,0,0,0,0,0,0,0,0,0,0,0,0,0,0,0,0,0,0,0,0,0,0,0,0,0,0,0,0,0,0,0,0,0,0,0,0,0,0,0,0,0,0,0,0,0,0,0,0,0,0,0,0,0,0,0,0,0,0,0,0,0,0,0,0,0,0,0,0,0,0,0,0,1,9,"H","CTCCTGAA","AGTTCGTC","GGGACGATAAGACCCTATA ","ATTACGCTGTTATCCCTAAAG ","NC_Sharks","sample",NA,0,0,TRUE,TRUE,0,0
"NC67","Shark67","Rhizoprionodon terraenovae","8/11/20","fecal",0,0,0,0,0,0,0,31537,0,0,0,0,0,0,0,0,0,0,0,0,0,0,0,0,0,14,0,0,0,0,0,0,85,0,0,150,0,538,0,0,0,0,0,0,0,0,0,0,0,0,0,0,0,0,0,0,0,0,57,0,0,0,30,0,0,79,0,0,23,138,0,0,78,0,0,0,853,52,48,27,23,0,287,21,0,43,34,13,8,17,23,12,18,384,0,32,0,0,15,1,50,16,24,2,11,0,0,0,0,0,0,0,0,0,0,0,0,0,0,0,0,0,0,0,0,0,0,0,0,0,0,0,0,0,0,0,0,0,0,0,0,0,0,0,0,0,0,0,1,9,"G","AGCCGTAA","AGTTCGTC","GGGACGATAAGACCCTATA ","ATTACGCTGTTATCCCTAAAG ","NC_Sharks","sample",NA,34743,35,TRUE,TRUE,34743,35
"NC68","Shark68","Sphyrna tiburo","8/11/20","fecal",23796,0,0,0,0,0,0,1135,0,0,0,440,0,0,0,0,0,0,0,0,0,0,0,0,0,0,0,7,0,0,32,0,4,0,0,6,0,20,0,0,0,3,0,204,0,27,14,6,2,1,0,0,0,0,0,0,0,0,0,0,0,0,0,2,0,7,0,0,1,9,0,0,6,0,0,0,36,3,3,0,1,0,7,0,638,2,0,1,1,1,0,0,1,10,0,1,0,0,0,0,3,0,1,0,2,0,0,0,0,0,0,0,0,0,0,0,0,0,0,0,0,0,0,0,0,0,0,0,0,0,0,0,0,0,0,0,0,0,0,0,0,0,0,0,0,0,0,0,1,9,"F","GATACCTG","AGTTCGTC","GGGACGATAAGACCCTATA ","ATTACGCTGTTATCCCTAAAG ","NC_Sharks","sample",NA,26433,36,TRUE,TRUE,26433,36
"NC69","Shark69","Rhizoprionodon terraenovae","8/11/20","fecal",0,0,0,0,0,0,0,0,0,0,0,0,0,0,0,0,0,0,0,0,0,0,0,0,0,0,0,0,0,0,0,0,1,0,0,0,0,0,0,0,0,0,0,0,0,0,0,0,0,0,0,0,0,0,0,0,0,0,0,0,0,0,0,0,0,0,0,0,0,0,0,0,0,0,0,0,0,0,0,0,0,0,0,0,0,0,0,0,0,0,1,0,0,0,0,0,0,0,0,0,0,0,1,0,0,0,0,0,0,0,0,0,0,0,0,0,0,0,0,0,0,0,0,0,0,0,0,0,0,0,0,0,0,0,0,0,0,0,0,0,0,0,0,0,0,0,0,0,1,9,"E","TGTTCCGT","AGTTCGTC","GGGACGATAAGACCCTATA ","ATTACGCTGTTATCCCTAAAG ","NC_Sharks","sample",NA,3,3,TRUE,TRUE,3,3
"NC7","Shark7","Carcharhinus limbatus","6/9/20","fecal",0,0,0,0,0,0,0,0,0,0,0,0,0,0,0,0,0,0,0,0,0,0,0,0,0,0,0,0,0,0,0,0,0,0,0,0,0,0,0,0,0,0,0,0,0,0,0,0,0,0,0,0,0,0,0,0,0,0,0,0,0,0,0,1,0,0,0,0,0,0,0,0,0,0,0,0,0,0,0,0,0,0,0,0,0,0,0,0,0,0,0,0,0,0,0,0,0,0,0,0,0,0,0,0,0,0,0,0,0,0,0,0,0,0,0,0,0,0,0,0,0,0,0,0,0,0,0,0,0,0,0,0,0,0,0,0,0,0,0,0,0,0,0,0,0,0,0,0,1,1,"B","GCATAACG","CTAGGTGA","GGGACGATAAGACCCTATA ","ATTACGCTGTTATCCCTAAAG ","NC_Sharks","sample",NA,1,1,TRUE,TRUE,1,1
"NC70","Shark70","Sphyrna tiburo","8/11/20","fecal",23283,0,0,0,0,0,0,0,0,634,4261,459,0,6,27,2,1,0,10,8,2,103,0,64,9,0,17,3,0,0,42,0,0,0,0,0,10,0,6,0,0,4,0,234,0,39,0,4,1,0,0,0,0,0,0,0,0,0,0,0,0,0,0,2,0,0,0,0,0,0,7,7,0,2,4,0,0,0,0,0,1,2,0,0,0,0,0,0,0,0,0,0,0,0,0,0,0,0,0,0,0,0,0,0,0,0,0,0,0,0,0,0,0,0,0,0,0,0,0,0,0,0,0,0,0,0,0,0,0,0,0,0,0,0,0,0,0,0,0,0,0,0,0,0,0,0,0,0,1,9,"D","CCACTAAG","AGTTCGTC","GGGACGATAAGACCCTATA ","ATTACGCTGTTATCCCTAAAG ","NC_Sharks","sample",NA,29254,31,TRUE,TRUE,29254,31
"NC71","Shark71","Carcharhinus limbatus","8/11/20","fecal",0,0,0,0,0,0,0,0,0,0,0,0,0,0,0,0,0,0,0,0,0,0,0,0,0,0,0,0,0,0,0,0,0,0,0,0,0,0,0,0,0,0,0,0,0,0,0,0,0,0,0,0,0,0,0,0,0,0,0,0,0,0,0,0,0,0,0,0,0,0,0,0,0,0,0,0,0,0,0,0,0,0,0,0,0,0,0,0,0,0,0,0,0,0,0,0,0,0,0,0,0,0,0,0,0,0,0,0,0,0,0,0,0,0,0,0,0,0,0,0,0,0,0,0,0,0,0,0,0,0,0,0,0,0,0,0,0,0,0,0,0,0,0,0,0,0,0,0,1,9,"C","ACAGAGGT","AGTTCGTC","GGGACGATAAGACCCTATA ","ATTACGCTGTTATCCCTAAAG ","NC_Sharks","sample",NA,0,0,TRUE,TRUE,0,0
"NC72","Shark72","Rhizoprionodon terraenovae","8/12/20","fecal",0,0,0,0,0,0,0,0,0,0,0,0,0,0,0,0,0,0,0,0,0,0,0,0,0,0,0,0,0,0,0,0,0,0,0,0,0,0,0,0,0,0,0,0,0,0,0,0,0,0,0,0,0,0,1,0,1,0,0,0,0,0,0,0,0,0,0,0,0,0,0,0,0,0,0,0,0,0,0,0,0,0,0,0,0,0,0,0,0,0,0,0,0,0,0,0,0,0,0,0,0,0,0,1,0,0,0,0,0,0,0,0,0,0,0,0,0,0,0,0,0,0,0,0,0,0,0,0,0,0,0,0,0,0,0,0,0,0,0,0,0,0,0,0,0,0,0,0,1,9,"B","GCATAACG","AGTTCGTC","GGGACGATAAGACCCTATA ","ATTACGCTGTTATCCCTAAAG ","NC_Sharks","sample",NA,3,3,TRUE,TRUE,3,3
"NC73","Shark73","Sphyrna tiburo","8/12/20","fecal",4774,0,0,0,0,0,0,0,0,0,0,99,0,0,0,0,0,0,0,0,0,0,0,0,0,0,0,0,0,0,0,0,0,0,0,0,0,0,0,0,0,1,0,40,0,6,0,0,0,0,0,0,0,0,0,0,0,0,0,0,0,0,0,0,0,0,0,0,0,0,0,0,0,0,0,0,0,0,0,0,0,0,0,0,0,0,0,0,0,0,0,0,0,0,0,0,0,0,0,0,0,0,0,0,0,0,0,0,0,0,0,0,0,0,0,0,0,0,0,0,0,0,0,0,0,0,0,0,0,0,0,0,0,0,0,0,0,0,0,0,0,0,0,0,0,0,0,0,1,9,"A","GACACAGT","AGTTCGTC","GGGACGATAAGACCCTATA ","ATTACGCTGTTATCCCTAAAG ","NC_Sharks","sample",NA,4920,5,TRUE,TRUE,4920,5
"NC74","Shark74","Carcharhinus acronotus","8/17/20","fecal",0,0,0,0,0,0,0,0,0,0,0,0,0,0,0,0,0,0,0,0,0,0,0,0,0,0,0,0,0,0,0,0,0,0,0,0,0,0,0,0,0,0,0,0,0,0,0,0,0,0,0,0,0,0,0,0,0,0,0,0,0,0,0,0,0,0,0,0,0,0,0,0,0,0,0,0,0,0,0,0,0,0,0,0,0,0,0,0,0,0,0,0,0,0,0,0,0,0,0,0,0,0,0,0,0,0,0,0,0,0,0,0,0,0,0,0,0,0,0,0,0,0,0,0,0,0,0,0,0,0,0,0,0,0,0,0,0,0,0,0,0,0,0,0,0,0,0,0,1,10,"H","CTCCTGAA","CGAAGAAC","GGGACGATAAGACCCTATA ","ATTACGCTGTTATCCCTAAAG ","NC_Sharks","sample",NA,0,0,TRUE,TRUE,0,0
"NC75","Shark75","Carcharhinus acronotus","8/17/20","fecal",0,0,0,0,0,0,0,0,0,0,0,0,0,0,0,0,0,0,0,0,0,0,0,0,0,0,0,0,0,0,0,0,0,0,0,0,0,0,0,0,0,0,0,0,0,0,0,0,0,0,0,0,0,0,0,0,0,0,0,0,0,0,0,0,0,0,0,0,1,0,0,0,0,0,0,0,0,0,0,0,0,0,0,0,0,0,1,0,0,0,0,0,0,0,0,0,0,0,0,0,0,0,0,0,0,0,0,0,0,0,0,0,0,0,0,0,0,0,0,0,0,0,0,0,0,0,0,0,0,0,0,0,0,0,0,0,0,0,0,0,0,0,0,0,0,0,0,0,1,10,"G","AGCCGTAA","CGAAGAAC","GGGACGATAAGACCCTATA ","ATTACGCTGTTATCCCTAAAG ","NC_Sharks","sample",NA,2,2,TRUE,TRUE,2,2
"NC76","Shark76","Rhizoprionodon terraenovae","8/18/20","fecal",0,0,0,0,0,0,0,0,0,0,0,0,0,0,0,0,0,0,0,0,0,0,0,0,0,0,0,0,0,0,0,0,0,0,0,0,0,0,0,0,0,0,0,0,0,0,0,0,1,1,0,0,0,0,0,0,0,0,0,0,0,0,0,0,0,0,0,0,0,0,0,1,0,0,0,0,0,0,0,0,0,0,0,0,0,0,0,0,0,0,0,0,0,0,0,0,1,0,0,0,0,0,0,0,0,0,0,0,0,0,0,0,0,0,0,0,0,0,0,0,0,0,0,0,0,0,0,0,0,0,0,0,0,0,0,0,0,0,0,0,0,0,0,0,0,0,0,0,1,10,"F","GATACCTG","CGAAGAAC","GGGACGATAAGACCCTATA ","ATTACGCTGTTATCCCTAAAG ","NC_Sharks","sample",NA,4,4,TRUE,TRUE,4,4
"NC77","Shark77","Rhizoprionodon terraenovae","8/18/20","fecal",0,0,0,0,0,0,0,0,0,0,0,0,0,0,0,0,0,0,0,0,0,0,0,0,0,0,0,0,0,0,0,0,0,0,0,0,0,0,0,0,0,0,0,0,0,0,0,0,0,0,0,0,0,0,0,0,0,0,0,0,0,0,0,0,0,0,0,0,0,0,0,0,0,0,0,0,0,0,0,0,0,0,0,0,0,0,0,0,0,0,0,0,0,0,0,0,0,0,0,0,0,0,0,0,0,0,0,0,0,0,0,0,0,0,0,0,3,0,0,0,0,0,0,0,0,0,0,0,0,0,0,0,0,0,0,0,0,0,0,0,0,0,0,0,0,0,0,0,1,10,"E","TGTTCCGT","CGAAGAAC","GGGACGATAAGACCCTATA ","ATTACGCTGTTATCCCTAAAG ","NC_Sharks","sample",NA,3,1,TRUE,TRUE,3,1
"NC78","Shark78","Rhizoprionodon terraenovae","8/18/20","fecal",0,0,0,0,0,0,0,0,0,0,0,0,0,0,0,0,0,0,0,0,0,0,0,0,0,0,0,0,0,0,0,0,0,0,0,0,0,0,0,0,0,0,0,0,0,0,0,0,0,0,0,0,0,0,0,0,0,0,0,0,0,0,0,0,0,0,0,0,0,0,0,0,0,0,0,0,0,0,0,0,0,0,0,0,0,0,0,0,0,0,0,0,0,0,0,0,0,0,0,0,0,0,0,0,0,0,0,0,0,0,0,0,0,0,0,0,0,0,0,0,0,0,0,0,0,0,0,0,0,0,0,0,0,0,0,0,0,0,0,0,0,0,0,0,0,0,0,0,1,10,"D","CCACTAAG","CGAAGAAC","GGGACGATAAGACCCTATA ","ATTACGCTGTTATCCCTAAAG ","NC_Sharks","sample",NA,0,0,TRUE,TRUE,0,0
"NC79","Shark79","Rhizoprionodon terraenovae","8/18/20","fecal",0,0,0,0,0,0,0,0,0,0,0,0,0,0,0,0,0,0,0,0,0,0,0,0,0,0,0,0,0,0,0,0,0,0,0,0,0,0,0,0,0,1,0,0,0,0,0,0,0,0,0,0,0,0,0,0,0,0,0,0,0,0,0,0,0,0,0,0,0,0,0,0,0,0,0,0,0,0,0,0,0,0,0,0,0,0,0,0,0,0,0,0,0,0,0,0,0,0,0,0,0,0,0,0,0,0,0,0,0,0,0,0,0,0,0,0,0,0,0,0,0,0,0,0,0,0,0,0,0,0,0,0,0,0,0,0,0,0,0,0,0,0,0,0,0,0,0,0,1,10,"C","ACAGAGGT","CGAAGAAC","GGGACGATAAGACCCTATA ","ATTACGCTGTTATCCCTAAAG ","NC_Sharks","sample",NA,1,1,TRUE,TRUE,1,1
"NC8","Shark8","Carcharhinus limbatus","6/17/20","fecal",0,0,0,0,0,0,0,837,0,0,0,0,0,0,0,0,0,0,0,0,0,0,0,0,0,0,0,0,0,0,0,0,1,0,0,0,0,8,0,0,2345,0,0,0,0,0,0,0,0,0,0,0,0,0,0,0,0,0,2,0,0,0,0,0,0,0,0,0,1,6,0,0,3,0,0,0,24,3,0,0,0,0,5,0,0,1,2,0,0,0,0,0,0,8,0,0,0,0,0,0,0,1,1,0,0,0,0,0,0,0,0,0,0,0,0,0,0,0,0,0,0,0,0,0,0,0,0,0,0,0,0,0,0,0,0,0,0,0,0,0,0,0,0,0,0,0,0,0,1,1,"A","GACACAGT","CTAGGTGA","GGGACGATAAGACCCTATA ","ATTACGCTGTTATCCCTAAAG ","NC_Sharks","sample",NA,3248,16,TRUE,TRUE,3248,16
"NC80","Shark80","Rhizoprionodon terraenovae","8/18/20","fecal",0,0,0,0,0,0,0,0,0,0,0,0,0,0,0,0,0,0,0,0,0,0,0,0,0,0,0,0,0,0,0,0,0,0,0,0,0,0,0,0,0,0,0,0,0,0,0,0,0,0,0,0,0,0,0,0,0,0,0,0,0,0,0,0,0,0,0,0,0,0,0,0,0,0,0,0,0,0,0,0,0,0,0,0,0,0,0,0,0,0,0,0,0,0,0,0,0,0,0,0,0,0,0,0,0,0,0,0,0,0,0,0,0,0,0,0,0,0,0,0,0,0,0,0,0,0,0,0,0,0,0,0,0,0,0,0,0,0,0,0,0,0,0,0,0,0,0,0,1,10,"B","GCATAACG","CGAAGAAC","GGGACGATAAGACCCTATA ","ATTACGCTGTTATCCCTAAAG ","NC_Sharks","sample",NA,0,0,TRUE,TRUE,0,0
"NC81","Shark81","Rhizoprionodon terraenovae","8/18/20","fecal",0,0,0,0,0,0,0,0,0,0,0,0,0,0,0,0,0,0,0,0,0,0,0,0,0,0,0,0,0,0,0,0,0,0,0,0,0,0,0,0,0,0,0,0,0,0,0,0,0,0,0,0,0,0,0,0,0,0,0,0,0,0,0,0,0,0,0,0,0,0,0,0,0,0,0,0,0,0,0,0,0,0,0,0,0,1,0,0,0,0,0,0,0,0,0,0,0,0,0,0,0,0,0,0,0,0,0,0,0,0,0,0,0,0,0,0,0,0,0,0,0,0,0,0,0,0,0,0,0,0,0,0,0,0,0,0,0,0,0,0,0,0,0,0,0,0,0,0,1,10,"A","GACACAGT","CGAAGAAC","GGGACGATAAGACCCTATA ","ATTACGCTGTTATCCCTAAAG ","NC_Sharks","sample",NA,1,1,TRUE,TRUE,1,1
"NC82","Shark82","Rhizoprionodon terraenovae","8/18/20","fecal",0,0,0,0,0,0,0,0,640,0,0,0,0,0,0,0,0,0,0,0,0,0,0,0,0,0,0,0,0,0,0,0,0,8,7,0,0,0,0,0,0,0,0,0,0,0,0,0,0,0,0,0,0,0,0,0,0,0,0,0,0,0,0,0,0,0,0,0,0,0,0,0,0,0,0,0,0,0,0,0,0,0,0,0,0,0,0,0,0,0,0,0,0,0,0,0,0,0,0,0,0,0,0,0,0,0,0,0,0,0,0,0,0,0,0,0,0,0,0,0,0,0,0,0,0,0,0,0,0,0,0,0,0,0,0,0,0,0,0,0,0,0,0,0,0,0,0,0,1,11,"H","CTCCTGAA","ATGGCGAA","GGGACGATAAGACCCTATA ","ATTACGCTGTTATCCCTAAAG ","NC_Sharks","sample",NA,655,3,TRUE,TRUE,655,3
"NC83","Shark83","Rhizoprionodon terraenovae","8/18/20","fecal",0,0,0,0,0,0,0,0,1364,0,0,0,0,0,0,0,0,0,0,0,0,0,0,0,0,0,0,0,0,0,0,0,0,9,12,0,0,0,0,0,0,0,0,0,0,0,0,0,0,0,0,0,0,0,0,0,0,0,0,0,0,0,0,0,0,0,0,0,0,0,0,0,0,0,0,0,0,0,0,0,0,0,0,0,0,1,0,0,0,0,0,0,0,0,0,0,0,0,0,0,1,0,0,0,0,0,0,0,0,0,0,0,0,0,0,0,0,0,0,0,0,0,0,0,0,0,0,0,0,0,0,0,0,0,0,0,0,0,0,0,0,0,0,0,0,0,0,0,1,11,"G","AGCCGTAA","ATGGCGAA","GGGACGATAAGACCCTATA ","ATTACGCTGTTATCCCTAAAG ","NC_Sharks","sample",NA,1387,5,TRUE,TRUE,1387,5
"NC84","Shark84","Carcharhinus acronotus","8/24/20","fecal",0,0,0,0,0,0,0,0,0,0,0,0,0,0,0,0,0,0,0,0,0,0,0,0,0,0,0,0,0,0,0,0,0,0,0,0,0,0,0,0,0,0,0,0,0,0,0,0,0,0,0,0,0,0,0,0,0,0,0,0,0,0,0,0,0,0,0,0,0,0,0,0,0,0,0,0,0,0,0,0,0,1,0,0,0,0,0,0,0,0,0,0,0,0,0,0,0,0,0,0,0,0,0,0,0,0,0,0,0,0,0,0,0,0,0,0,0,0,0,0,0,0,0,0,0,0,0,0,0,0,0,0,0,0,0,0,0,0,0,0,0,0,0,0,0,0,0,0,1,11,"F","GATACCTG","ATGGCGAA","GGGACGATAAGACCCTATA ","ATTACGCTGTTATCCCTAAAG ","NC_Sharks","sample",NA,1,1,TRUE,TRUE,1,1
"NC85","Shark85","Carcharhinus acronotus","8/24/20","fecal",0,0,0,0,0,0,0,0,0,0,0,0,0,0,0,0,0,0,0,0,0,0,0,0,0,0,0,0,0,0,0,0,0,0,0,0,0,0,0,0,0,0,0,0,0,0,0,0,0,0,0,0,0,0,0,0,0,0,0,0,0,0,0,0,0,3,0,0,0,0,0,0,2,0,0,0,0,0,0,0,0,0,0,0,0,0,0,3,0,0,0,0,0,0,0,0,0,0,0,0,0,0,1,0,0,0,0,0,0,0,0,0,0,0,0,0,0,0,0,0,1,0,0,0,0,0,0,0,0,0,0,0,0,0,0,0,0,0,0,0,0,0,0,0,0,0,0,0,1,11,"E","TGTTCCGT","ATGGCGAA","GGGACGATAAGACCCTATA ","ATTACGCTGTTATCCCTAAAG ","NC_Sharks","sample",NA,10,5,TRUE,TRUE,10,5
"NC86","Shark86","Carcharhinus acronotus","8/24/20","fecal",0,0,0,0,0,0,0,0,0,0,0,0,0,0,0,0,0,0,0,0,0,0,0,0,0,0,0,0,0,0,0,0,0,0,0,0,0,0,0,0,0,0,0,0,0,0,0,0,0,0,0,0,0,0,0,0,0,0,0,0,0,0,0,0,0,0,0,0,0,0,0,0,0,0,0,0,0,0,0,0,0,0,0,0,0,0,0,0,0,0,0,0,0,0,0,0,0,0,0,0,0,0,0,0,0,0,0,0,0,0,0,0,0,0,0,0,0,0,0,0,0,0,0,0,0,0,0,0,0,0,0,0,0,0,0,0,0,0,0,0,0,0,0,0,0,0,0,0,1,11,"D","CCACTAAG","ATGGCGAA","GGGACGATAAGACCCTATA ","ATTACGCTGTTATCCCTAAAG ","NC_Sharks","sample",NA,0,0,TRUE,TRUE,0,0
"NC87","Shark87","Carcharhinus acronotus","8/24/20","fecal",0,0,0,0,0,0,0,0,0,0,0,0,0,0,0,0,0,0,0,0,0,0,0,0,0,0,0,0,0,0,0,0,0,0,0,0,0,0,0,0,0,0,0,0,0,0,0,0,0,0,0,0,0,0,0,0,0,0,0,0,0,0,0,0,0,0,0,0,0,0,0,0,0,0,0,0,0,0,0,0,0,0,0,0,0,0,0,0,0,0,0,0,0,0,0,0,0,0,0,0,0,0,0,0,0,0,0,0,0,0,0,0,0,0,0,0,0,0,0,0,0,0,0,0,0,0,0,0,0,0,0,0,0,0,0,0,0,0,0,0,0,0,0,0,0,0,0,0,1,11,"C","ACAGAGGT","ATGGCGAA","GGGACGATAAGACCCTATA ","ATTACGCTGTTATCCCTAAAG ","NC_Sharks","sample",NA,0,0,TRUE,TRUE,0,0
"NC88","Shark88","Carcharhinus limbatus","8/24/20","fecal",0,0,0,0,0,0,0,0,0,0,0,0,0,0,0,0,0,0,0,0,0,0,0,0,0,0,0,0,0,0,0,0,0,0,0,0,0,0,0,0,0,0,0,0,0,0,0,0,0,0,0,0,0,0,0,0,0,0,0,0,0,0,0,0,0,0,0,0,0,0,0,0,0,0,0,0,0,0,0,0,0,0,0,0,0,0,0,0,0,0,0,0,0,0,0,0,0,0,0,0,0,0,0,0,0,0,0,0,0,0,0,0,0,0,0,0,0,0,0,0,0,0,0,0,0,0,0,0,0,0,0,0,0,0,0,0,0,0,0,0,0,0,0,0,0,0,0,0,1,11,"B","GCATAACG","ATGGCGAA","GGGACGATAAGACCCTATA ","ATTACGCTGTTATCCCTAAAG ","NC_Sharks","sample",NA,0,0,TRUE,TRUE,0,0
"NC89","Shark89","Carcharhinus acronotus","8/24/20","fecal",0,0,0,0,0,0,0,0,0,0,0,0,0,0,0,0,0,0,0,0,0,0,0,0,0,0,0,0,0,0,0,0,0,0,0,0,0,0,0,0,0,0,0,0,0,0,0,0,0,0,0,0,0,0,0,0,0,0,0,0,0,0,0,0,0,0,0,0,0,0,0,0,0,0,0,0,0,0,0,0,0,0,0,0,0,0,0,0,0,0,0,0,0,0,0,0,0,0,0,0,0,0,0,0,0,0,0,0,0,0,0,0,0,0,0,0,0,0,0,0,0,0,0,0,0,0,0,0,0,0,0,0,0,0,0,0,0,0,0,0,0,0,0,0,0,0,0,0,1,11,"A","GACACAGT","ATGGCGAA","GGGACGATAAGACCCTATA ","ATTACGCTGTTATCCCTAAAG ","NC_Sharks","sample",NA,0,0,TRUE,TRUE,0,0
"NC9","Shark9","Carcharhinus acronotus","6/22/20","fecal",0,0,0,0,0,0,0,0,0,0,0,0,0,0,0,0,0,0,0,0,0,0,0,0,0,0,0,0,0,0,0,0,0,0,0,0,0,0,0,0,0,0,0,0,0,0,0,0,0,0,0,0,0,0,0,0,0,0,0,0,0,0,0,0,0,0,0,0,0,0,0,0,0,0,0,0,0,0,0,0,0,0,0,0,0,0,0,0,0,0,0,0,0,0,0,0,0,0,0,0,0,0,0,0,0,0,0,0,0,0,0,0,0,0,0,0,0,0,0,0,0,1,0,0,0,0,0,0,0,0,0,0,0,0,0,0,0,0,0,0,0,0,0,0,0,0,0,0,1,2,"H","CTCCTGAA","ACGACTTG","GGGACGATAAGACCCTATA ","ATTACGCTGTTATCCCTAAAG ","NC_Sharks","sample",NA,1,1,TRUE,TRUE,1,1
"NC90","Shark90","Carcharhinus acronotus","8/25/20","fecal",0,0,0,0,0,0,0,718,0,0,0,0,0,0,0,0,0,0,0,0,0,0,0,0,0,0,0,0,0,0,0,0,3,0,0,4,0,0,0,0,0,0,0,0,0,0,0,0,0,0,0,0,0,0,0,0,0,0,0,0,0,0,0,0,0,0,0,0,1,3,0,0,0,0,0,0,0,0,0,0,0,0,8,0,0,0,0,0,0,0,0,0,0,0,0,0,0,0,0,0,0,0,0,0,0,0,0,0,0,0,0,0,0,0,0,0,0,0,0,0,0,0,0,0,0,0,0,0,0,0,0,0,0,0,0,0,0,0,0,0,0,0,0,0,0,0,0,0,1,12,"H","CTCCTGAA","TGGAGTTG","GGGACGATAAGACCCTATA ","ATTACGCTGTTATCCCTAAAG ","NC_Sharks","sample",NA,737,6,TRUE,TRUE,737,6
"NC91","Shark91","Carcharhinus acronotus","8/25/20","fecal",0,0,0,0,0,0,0,0,0,0,0,0,0,0,0,0,0,0,0,0,0,0,0,0,0,0,0,0,0,0,0,0,0,0,0,0,0,0,0,0,0,0,0,0,0,0,0,0,0,0,0,0,0,0,0,0,0,0,0,0,0,0,0,0,0,0,0,0,0,0,0,0,0,0,0,0,0,0,0,0,0,0,0,0,0,0,0,0,0,0,0,0,0,0,0,0,0,0,0,0,0,0,0,0,0,0,0,0,0,0,0,0,0,0,0,0,0,0,0,0,0,0,0,0,0,0,0,0,0,0,0,0,0,0,0,0,0,0,0,0,0,0,0,0,0,0,0,0,1,12,"G","AGCCGTAA","TGGAGTTG","GGGACGATAAGACCCTATA ","ATTACGCTGTTATCCCTAAAG ","NC_Sharks","sample",NA,0,0,TRUE,TRUE,0,0
"NC92","Shark92","Sphyrna tiburo","8/25/20","fecal",0,0,0,0,0,0,0,0,0,0,0,0,0,0,0,0,1,0,0,0,0,0,0,0,0,0,0,0,0,0,0,0,0,0,0,0,0,0,0,0,0,0,0,0,0,0,0,0,0,0,0,0,0,0,0,0,0,0,0,0,0,0,0,0,0,0,0,0,0,0,0,0,0,0,0,0,0,0,0,0,0,0,0,0,0,0,0,0,0,13,0,0,0,0,0,0,0,0,0,39,0,0,0,0,0,0,0,0,0,0,0,0,0,0,0,0,0,0,0,0,0,0,0,0,0,0,0,0,0,0,0,0,0,0,0,0,0,0,0,0,0,0,0,0,0,0,0,0,1,12,"F","GATACCTG","TGGAGTTG","GGGACGATAAGACCCTATA ","ATTACGCTGTTATCCCTAAAG ","NC_Sharks","sample",NA,53,3,TRUE,TRUE,53,3
"NC93","Shark93","Sphyrna tiburo","8/25/20","fecal",141878,0,0,0,0,0,0,0,0,2704,0,2669,109678,0,0,0,0,0,0,0,0,0,0,0,0,0,36,112,214,0,183,0,0,0,0,0,0,0,0,0,0,19,0,1127,0,180,66,34,9,17,1,0,2,8,0,0,0,0,0,0,0,0,0,26,0,0,0,0,0,0,0,0,0,0,0,0,0,0,0,0,0,0,0,0,0,0,0,0,0,0,0,0,0,0,0,0,0,0,0,0,0,0,0,0,0,0,0,0,0,0,0,2416,0,0,0,0,177,0,0,0,0,71,0,0,0,0,0,0,0,0,0,0,0,0,0,0,0,0,0,0,0,0,0,0,0,0,0,0,1,12,"E","TGTTCCGT","TGGAGTTG","GGGACGATAAGACCCTATA ","ATTACGCTGTTATCCCTAAAG ","NC_Sharks","sample",NA,261627,22,TRUE,TRUE,261627,22
"NC94","Shark94","Sphyrna tiburo","8/25/20","fecal",0,0,0,0,0,0,0,1047,0,0,0,0,0,0,0,0,0,0,0,0,0,0,0,0,0,0,0,0,0,0,0,0,0,0,0,3,0,22,0,0,0,0,0,0,0,4,0,0,0,0,0,0,0,0,0,0,0,0,0,0,0,0,0,0,0,5,0,0,0,0,0,0,5,0,0,0,22,0,2,0,0,0,0,2,0,0,0,0,1,0,0,0,0,5,0,0,0,0,0,0,0,0,0,1,1,0,0,0,0,0,0,0,0,0,0,0,0,0,0,0,0,0,0,0,0,0,0,0,0,0,0,0,0,0,0,0,0,0,0,0,0,0,0,0,0,0,0,0,1,12,"D","CCACTAAG","TGGAGTTG","GGGACGATAAGACCCTATA ","ATTACGCTGTTATCCCTAAAG ","NC_Sharks","sample",NA,1120,13,TRUE,TRUE,1120,13
"NC96","Shark96","Sphyrna tiburo","8/25/20","fecal",14427,0,0,0,0,0,0,0,0,2396,0,252,0,0,0,0,0,0,0,0,0,0,0,0,0,0,0,10,0,4302,27,0,0,0,0,0,0,0,0,0,0,3,0,103,0,12,0,0,0,0,0,0,0,0,0,0,0,0,0,0,0,0,0,4,0,0,0,0,0,0,0,0,0,0,0,0,0,0,0,0,0,0,0,0,0,0,0,0,0,0,0,0,0,0,0,0,0,0,0,0,0,0,0,0,0,0,0,0,0,0,0,0,0,0,0,0,0,0,0,0,0,0,0,0,0,0,0,0,0,0,0,0,0,0,0,0,0,0,0,0,0,0,0,0,0,0,0,0,1,12,"B","GCATAACG","TGGAGTTG","GGGACGATAAGACCCTATA ","ATTACGCTGTTATCCCTAAAG ","NC_Sharks","sample",NA,21536,10,TRUE,TRUE,21536,10
"NC97","Shark97","Sphyrna tiburo","8/25/20","fecal",11620,0,0,0,0,0,0,0,0,0,0,243,0,0,0,0,0,0,0,0,0,0,0,0,0,0,0,3,0,0,18,0,0,0,0,0,0,0,0,0,0,3,0,96,0,17,0,0,1,1,0,0,0,0,0,0,0,0,0,0,0,0,0,0,0,0,0,0,0,0,0,0,0,0,0,0,0,0,0,0,0,0,0,0,0,0,0,0,0,0,0,0,0,0,0,0,0,0,0,0,0,0,0,0,0,0,0,0,0,0,0,0,0,0,0,0,0,0,0,0,0,0,0,0,0,0,0,0,0,0,0,0,0,0,0,0,0,0,0,0,0,0,0,0,0,0,0,0,1,12,"A","GACACAGT","TGGAGTTG","GGGACGATAAGACCCTATA ","ATTACGCTGTTATCCCTAAAG ","NC_Sharks","sample",NA,12002,9,TRUE,TRUE,12002,9
"NC98","Shark98","Carcharhinus limbatus","8/31/20","fecal",0,0,0,0,0,0,0,0,0,0,0,0,0,0,0,0,0,0,0,0,0,0,0,0,0,0,0,0,0,0,0,0,0,0,0,0,0,0,0,0,0,0,0,0,0,0,0,0,0,0,0,0,0,0,0,0,0,0,0,0,0,0,0,0,0,0,0,0,0,0,0,0,0,0,0,0,0,0,0,0,0,0,0,0,0,0,0,0,0,0,0,0,0,0,0,0,0,0,0,0,0,0,0,0,0,0,0,0,0,0,0,0,0,0,0,0,0,0,0,0,0,0,0,0,0,0,0,0,0,0,0,0,0,0,0,0,0,0,0,0,0,0,0,0,0,0,0,0,2,1,"A","CCACATTG","CTAGGTGA","GGGACGATAAGACCCTATA ","ATTACGCTGTTATCCCTAAAG ","NC_Sharks","sample",NA,0,0,TRUE,TRUE,0,0
"NC99","Shark99","Carcharhinus acronotus","8/31/20","fecal",0,0,0,0,0,0,0,0,0,0,0,0,0,0,0,0,0,0,0,0,0,0,0,0,0,0,0,0,0,0,0,0,0,0,0,0,0,0,0,0,0,0,0,0,0,0,0,0,0,0,0,0,0,0,0,0,0,0,0,0,0,0,0,0,0,0,0,0,0,0,0,0,0,0,0,0,0,0,0,0,0,0,0,0,0,0,0,0,0,0,0,0,0,0,0,0,0,0,0,0,0,0,0,0,0,0,0,0,0,0,0,0,0,0,0,0,0,0,0,0,0,0,0,1,0,0,0,0,0,0,0,0,0,0,0,0,0,0,0,0,0,0,0,0,0,0,0,0,2,1,"B","TCGAGAGT","CTAGGTGA","GGGACGATAAGACCCTATA ","ATTACGCTGTTATCCCTAAAG ","NC_Sharks","sample",NA,1,1,TRUE,TRUE,1,1
"St1","Shark38","Sphyrna tiburo","7/10/20","stomach",61917,52,0,0,0,0,0,0,0,1964,0,1406,0,0,0,1,0,0,0,0,0,0,0,0,0,0,37,18,0,0,90,0,0,0,0,0,0,0,0,0,0,14,0,541,0,93,34,17,3,8,0,0,0,0,0,0,0,0,0,0,0,0,0,11,12,0,0,0,0,0,0,0,0,0,0,0,0,0,0,0,0,0,0,0,0,0,0,0,0,0,0,0,0,0,0,0,0,0,0,0,0,0,0,0,0,0,0,0,0,0,0,0,0,0,0,0,0,0,0,0,0,0,0,0,0,0,0,0,0,0,0,0,0,33,0,0,0,0,0,0,0,0,0,0,0,0,0,0,2,2,"B","TCGAGAGT","ACGACTTG","GGGACGATAAGACCCTATA ","ATTACGCTGTTATCCCTAAAG ","NC_Sharks","sample",NA,66251,18,TRUE,TRUE,66251,18
"St102-St103","Shark124","Rhizoprionodon terraenovae","8/20/19","stomach",0,0,0,0,0,0,0,23618,0,0,0,0,0,0,0,0,0,0,0,0,0,0,0,0,0,9,0,0,0,0,0,0,74,0,0,122,0,414,0,0,0,0,0,0,0,0,0,0,0,0,0,0,0,0,0,0,0,7,44,0,0,0,23,0,0,73,0,0,30,183,0,0,61,0,0,0,654,39,46,28,25,0,206,20,0,34,24,11,6,20,20,13,17,317,1,24,0,0,10,0,23,12,19,1,11,0,0,0,0,0,0,0,0,0,0,0,0,0,0,0,0,0,0,0,0,21,24,1,1,0,0,0,0,0,0,0,0,0,0,0,0,0,0,0,0,0,0,0,2,10,"E","TTCGTACG","CGAAGAAC","GGGACGATAAGACCCTATA ","ATTACGCTGTTATCCCTAAAG ","NC_Sharks","sample",NA,26286,40,TRUE,TRUE,26286,40
"St104-St105","Shark125","Rhizoprionodon terraenovae","6/27/19","stomach",0,0,0,0,0,0,0,11792,0,0,0,0,0,0,0,0,0,0,0,0,0,0,305,0,0,0,0,0,0,0,0,0,28,0,0,44,0,211,0,0,0,0,0,0,0,0,0,0,0,0,0,0,0,0,0,0,0,0,14,0,0,0,23,0,0,27,0,0,10,79,0,0,33,0,0,0,299,18,12,11,6,0,100,16,0,11,12,7,2,13,4,19,11,164,0,21,0,0,5,0,16,5,6,2,6,0,29846,0,0,0,0,0,0,0,0,0,0,0,0,0,0,2,0,0,0,0,0,0,0,0,141,0,0,0,0,0,0,0,0,0,0,0,0,0,0,0,0,0,2,10,"F","CGACCTAA","CGAAGAAC","GGGACGATAAGACCCTATA ","ATTACGCTGTTATCCCTAAAG ","NC_Sharks","sample",NA,43321,37,TRUE,TRUE,43321,37
"St106-St107","Shark110","Rhizoprionodon terraenovae","10/15/19","stomach",0,0,0,0,0,0,0,0,0,0,0,0,0,0,0,0,0,0,0,0,0,0,0,0,0,0,0,0,0,0,0,0,0,0,0,0,0,0,0,0,0,0,0,0,0,0,0,0,0,0,0,0,0,0,0,0,0,0,0,0,0,0,0,0,0,0,0,0,0,0,0,0,0,0,0,0,0,0,0,0,0,0,0,0,0,0,0,0,0,0,0,0,0,0,0,0,0,0,0,0,0,0,0,0,0,0,0,0,0,0,0,0,0,0,0,0,0,0,0,0,0,0,0,0,0,0,0,0,0,0,0,0,0,0,0,0,0,0,0,0,0,0,0,0,0,0,0,0,2,11,"A","CCACATTG","ATGGCGAA","GGGACGATAAGACCCTATA ","ATTACGCTGTTATCCCTAAAG ","NC_Sharks","sample",NA,0,0,TRUE,TRUE,0,0
"St11","Shark23","Sphyrna tiburo","6/30/20","stomach",34244,0,0,0,0,0,0,0,0,868,0,705,0,0,0,0,0,0,0,0,0,0,0,0,0,0,0,11,0,0,46,0,0,0,0,0,0,0,0,0,0,11,33,284,0,38,17,6,4,4,0,0,0,0,0,0,0,0,0,0,0,0,0,4,0,0,0,0,0,0,0,0,0,0,0,0,0,0,0,0,0,0,0,0,0,0,0,0,0,0,0,0,0,0,0,0,0,0,0,0,0,0,0,0,0,0,0,0,0,0,0,0,0,0,0,0,0,0,0,0,0,1,0,0,0,0,0,0,0,0,0,0,0,0,0,0,0,0,0,0,0,0,0,0,0,0,0,0,2,3,"A","CCACATTG","GCATACAG","GGGACGATAAGACCCTATA ","ATTACGCTGTTATCCCTAAAG ","NC_Sharks","sample",NA,36276,15,TRUE,TRUE,36276,15
"St13","Shark2","Rhizoprionodon terraenovae","6/9/20","stomach",0,0,0,0,0,0,0,0,0,0,0,0,0,0,0,0,0,0,0,0,0,0,0,0,0,0,0,0,0,0,0,0,0,0,0,0,0,0,0,0,0,0,63,0,0,0,0,0,0,0,0,0,0,0,0,0,0,0,0,0,0,0,0,0,1,0,0,0,0,0,0,0,0,0,0,0,0,0,0,0,0,0,0,0,0,0,0,0,0,0,0,0,0,0,0,0,0,0,0,0,0,0,0,0,0,0,0,0,0,0,0,0,0,0,0,0,0,0,0,0,0,0,0,0,0,0,0,0,0,0,0,2,0,0,0,0,0,0,0,0,0,0,0,0,0,0,0,0,2,3,"B","TCGAGAGT","GCATACAG","GGGACGATAAGACCCTATA ","ATTACGCTGTTATCCCTAAAG ","NC_Sharks","sample",NA,66,3,TRUE,TRUE,66,3
"St15-St16","Shark36","Carcharhinus limbatus","7/10/20","stomach",0,0,0,0,0,0,0,0,0,0,0,0,0,0,0,0,0,0,0,0,0,0,0,0,0,0,0,0,0,0,0,0,0,0,0,0,0,0,0,0,0,0,0,0,0,0,0,0,0,0,0,0,0,0,0,0,0,0,0,0,0,0,0,0,0,0,0,0,0,0,0,0,0,0,0,0,0,0,0,0,0,0,0,0,0,0,0,0,0,0,0,0,0,0,0,0,0,0,0,0,0,0,0,0,0,0,0,0,0,0,0,0,0,0,0,0,0,0,0,0,0,0,0,0,0,0,0,0,0,0,0,0,0,0,0,0,0,0,0,0,0,0,0,0,0,0,0,0,2,3,"C","GGTCGTAT","GCATACAG","GGGACGATAAGACCCTATA ","ATTACGCTGTTATCCCTAAAG ","NC_Sharks","sample",NA,0,0,TRUE,TRUE,0,0
"St17","Shark96","Sphyrna tiburo","8/25/20","stomach",26537,0,0,0,0,0,0,0,0,1506,0,583,0,0,0,0,0,0,0,0,0,0,0,0,0,0,0,12,0,966,44,0,0,0,0,0,0,0,0,0,0,7,0,299,0,44,16,5,3,2,0,0,0,0,0,0,0,0,0,0,0,0,0,7,0,0,0,0,0,0,0,0,0,0,0,0,0,0,0,0,0,0,0,0,0,0,0,0,0,0,0,0,0,0,0,0,0,0,0,0,0,0,0,0,0,0,0,0,0,0,0,0,0,0,0,0,0,0,0,0,0,0,0,0,0,0,0,0,0,0,0,0,0,0,0,0,0,0,0,0,0,0,0,0,0,0,0,0,2,3,"D","GTGATCCA","GCATACAG","GGGACGATAAGACCCTATA ","ATTACGCTGTTATCCCTAAAG ","NC_Sharks","sample",NA,30031,14,TRUE,TRUE,30031,14
"St19","Shark95","Sphyrna tiburo","8/25/20","stomach",39479,84,0,0,0,0,0,0,0,415,0,872,0,0,0,0,0,0,0,0,0,0,0,0,0,0,0,12,0,0,70,0,0,0,0,0,0,0,0,0,0,5,0,349,0,48,25,12,6,4,0,0,0,0,0,0,0,0,0,0,0,0,0,5,0,0,0,0,0,0,0,0,0,0,0,0,0,0,0,0,0,0,0,0,0,0,0,0,0,0,0,0,0,0,0,0,0,0,0,0,0,0,0,0,0,0,0,0,0,0,0,0,0,0,0,0,0,0,0,0,0,0,0,0,0,0,0,0,0,0,0,0,0,0,0,0,0,0,0,0,0,0,0,0,0,0,0,0,2,3,"E","TTCGTACG","GCATACAG","GGGACGATAAGACCCTATA ","ATTACGCTGTTATCCCTAAAG ","NC_Sharks","sample",NA,41386,14,TRUE,TRUE,41386,14
"St21","Shark68","Sphyrna tiburo","8/11/20","stomach",31603,0,0,0,0,0,0,0,0,1154,0,665,0,0,0,0,0,0,0,0,0,0,0,0,0,0,0,8,0,0,50,0,0,0,0,0,0,0,0,0,0,3,0,289,0,46,19,7,4,2,0,0,0,0,0,0,0,0,0,0,0,0,0,12,0,0,0,0,0,0,0,0,0,0,0,0,0,0,0,0,0,0,0,0,155,0,0,0,0,0,0,0,0,0,0,0,0,0,0,0,0,1,0,0,0,0,0,0,0,0,0,0,0,0,0,0,0,0,0,0,0,0,0,0,0,0,0,0,0,0,0,0,0,0,0,0,0,0,0,0,0,0,0,0,0,0,0,0,2,3,"F","CGACCTAA","GCATACAG","GGGACGATAAGACCCTATA ","ATTACGCTGTTATCCCTAAAG ","NC_Sharks","sample",NA,34018,15,TRUE,TRUE,34018,15
"St23-St24","Shark70","Sphyrna tiburo","8/11/20","stomach",39973,0,0,0,0,0,0,0,0,998,1491,869,0,5,11,0,1,0,5,0,1,32,0,28,3,0,18,10,0,0,65,0,0,0,0,0,7,0,0,0,0,6,0,393,0,60,17,3,4,7,0,0,0,0,0,0,0,0,0,0,0,0,0,11,0,0,0,0,0,0,5,3,0,1,0,0,0,0,0,0,0,0,0,0,0,0,0,0,0,0,0,0,0,0,94,0,1,0,0,0,0,0,0,0,0,0,0,0,0,0,0,0,0,0,6182,0,7,0,0,0,19,0,179,0,0,0,0,0,0,0,0,0,0,0,10,12,0,0,0,0,0,0,0,0,0,0,0,0,2,4,"A","CCACATTG","TGCGAACT","GGGACGATAAGACCCTATA ","ATTACGCTGTTATCCCTAAAG ","NC_Sharks","sample",NA,50531,35,TRUE,TRUE,50531,35
"St25-St26","Shark60","Sphyrna tiburo","7/27/20","stomach",30851,0,0,0,0,0,0,0,0,1105,0,685,0,0,0,0,0,0,0,0,0,0,0,0,0,0,0,10,0,0,38,0,0,0,0,0,0,0,0,0,0,5,0,263,1640,33,8173,6,4,3,0,0,0,0,0,0,0,0,0,0,0,17,0,5,0,0,0,0,0,0,0,0,0,0,0,0,0,0,0,0,0,0,0,0,0,0,0,0,0,0,0,0,0,0,0,0,0,0,0,0,0,0,0,0,0,0,0,0,84,0,326,0,0,0,0,0,0,0,0,0,0,0,2,0,0,0,0,0,0,0,0,0,0,0,0,0,0,0,0,0,0,0,0,0,0,0,0,0,2,4,"B","TCGAGAGT","TGCGAACT","GGGACGATAAGACCCTATA ","ATTACGCTGTTATCCCTAAAG ","NC_Sharks","sample",NA,43250,18,TRUE,TRUE,43250,18
"St27-St28","Shark73","Sphyrna tiburo","8/12/20","stomach",57690,0,0,0,0,0,0,0,0,1138,0,1260,0,0,0,0,0,0,0,0,0,0,0,0,0,0,18,22,0,0,107,0,0,0,0,0,0,0,0,0,0,7,0,496,0,76,29,25,4,9,0,0,0,0,0,0,0,0,0,0,0,0,0,11,0,0,0,0,0,0,0,0,0,0,0,0,0,0,0,0,0,0,0,0,0,0,0,0,0,0,0,0,0,0,0,0,0,0,0,0,0,0,0,0,0,0,0,0,0,0,0,0,0,0,0,0,0,0,0,0,0,0,0,0,0,0,0,0,0,0,0,0,0,0,0,0,0,0,0,0,0,0,0,0,0,0,0,0,2,4,"C","GGTCGTAT","TGCGAACT","GGGACGATAAGACCCTATA ","ATTACGCTGTTATCCCTAAAG ","NC_Sharks","sample",NA,60892,14,TRUE,TRUE,60892,14
"St29-St30","Shark48","Sphyrna tiburo","7/15/20","stomach",37191,0,0,0,1975,0,0,0,0,1072,0,854,0,0,0,0,0,0,0,0,0,0,0,0,0,0,16,14,0,0,55,0,0,0,0,0,0,0,0,0,0,2,0,350,0,53,26,9,5,2,0,0,0,0,0,0,0,0,0,0,0,0,0,7,0,0,0,0,0,0,0,0,0,0,0,0,0,0,0,0,0,0,0,0,0,0,0,0,0,0,0,0,0,0,0,0,0,0,0,0,0,0,0,0,0,0,0,0,0,0,0,0,0,0,0,0,0,0,0,0,0,0,0,0,0,0,0,0,0,0,0,0,0,0,0,0,0,0,0,0,0,0,0,0,0,0,0,0,2,4,"D","GTGATCCA","TGCGAACT","GGGACGATAAGACCCTATA ","ATTACGCTGTTATCCCTAAAG ","NC_Sharks","sample",NA,41631,15,TRUE,TRUE,41631,15
"St3-St4","Shark7","Carcharhinus limbatus","6/9/20","stomach",0,0,0,0,0,0,0,0,0,0,0,0,0,0,0,0,0,0,0,0,0,0,0,0,0,0,0,0,0,0,0,0,0,0,0,0,0,0,0,0,0,0,0,0,0,0,0,0,0,0,0,0,0,0,0,0,0,0,0,0,0,0,0,0,0,0,0,0,0,0,0,0,0,0,0,0,0,0,0,0,0,0,0,0,0,0,0,0,0,0,0,0,0,0,0,0,0,0,0,0,0,0,0,0,0,0,0,0,0,0,0,0,0,0,0,0,0,0,0,0,0,0,0,0,0,0,0,0,0,0,0,0,0,0,0,0,0,0,0,0,0,0,0,0,0,0,0,0,2,2,"C","GGTCGTAT","ACGACTTG","GGGACGATAAGACCCTATA ","ATTACGCTGTTATCCCTAAAG ","NC_Sharks","sample",NA,0,0,TRUE,TRUE,0,0
"St31-St32","Shark94","Sphyrna tiburo","8/25/20","stomach",8515,0,0,0,0,33607,0,0,0,3400,0,70,0,0,0,0,0,0,0,0,0,0,0,0,0,0,0,2,0,0,4,0,0,0,0,0,0,0,0,0,0,0,0,32,0,0,0,0,0,0,0,0,0,0,0,0,0,0,0,0,0,0,0,0,0,0,0,0,0,0,0,0,0,0,1,0,0,0,0,0,0,0,0,0,0,0,0,0,0,0,0,0,0,0,0,0,0,0,0,0,0,0,0,0,1,0,0,0,0,0,0,0,0,0,0,0,0,0,0,0,0,0,0,0,0,0,0,0,0,0,0,0,0,0,0,0,0,0,0,0,0,0,0,0,0,0,0,0,2,4,"E","TTCGTACG","TGCGAACT","GGGACGATAAGACCCTATA ","ATTACGCTGTTATCCCTAAAG ","NC_Sharks","sample",NA,45632,9,TRUE,TRUE,45632,9
"St33-St34","Shark71","Carcharhinus limbatus","8/11/20","stomach",0,0,0,0,0,0,0,0,0,0,0,0,0,0,0,0,0,0,0,0,0,0,0,0,0,0,0,0,0,0,0,0,0,0,0,0,0,0,0,0,0,1,0,0,0,0,0,2,0,0,0,0,0,0,0,0,0,0,0,0,0,0,0,0,0,0,0,0,0,0,0,0,0,0,0,0,0,0,0,0,0,0,0,0,0,0,0,0,0,0,0,0,0,0,5,0,0,0,0,0,0,0,0,0,0,0,0,0,0,0,0,0,0,0,163,0,0,0,0,0,0,0,4,0,0,0,0,0,0,0,0,0,0,0,0,0,37,0,0,0,0,0,0,0,0,0,0,0,2,4,"F","CGACCTAA","TGCGAACT","GGGACGATAAGACCCTATA ","ATTACGCTGTTATCCCTAAAG ","NC_Sharks","sample",NA,212,6,TRUE,TRUE,212,6
"St35-St36","Shark93","Sphyrna tiburo","8/25/20","stomach",30694,0,0,0,0,0,0,0,0,2209,0,602,33167,0,0,0,0,0,0,0,0,0,0,0,0,0,0,9,0,0,24,0,0,0,0,0,0,0,0,0,0,3,0,248,0,29,20,5,1,0,0,0,0,0,0,0,0,0,0,0,0,0,0,5,0,0,0,0,0,0,0,0,0,0,0,0,0,0,0,0,0,0,0,0,0,0,0,0,0,0,0,0,0,0,0,0,0,0,0,0,0,0,0,0,0,0,0,0,0,0,0,45,0,0,0,0,81,0,0,0,0,19,0,0,0,0,0,0,0,0,0,0,0,0,0,0,0,0,0,0,0,0,0,0,0,0,0,0,2,5,"A","CCACATTG","TCTCCGAT","GGGACGATAAGACCCTATA ","ATTACGCTGTTATCCCTAAAG ","NC_Sharks","sample",NA,67161,16,TRUE,TRUE,67161,16
"St38","Shark87","Carcharhinus acronotus","8/24/20","stomach",0,0,0,0,0,0,0,0,0,0,0,0,0,0,0,0,0,1,0,0,0,0,0,0,0,0,0,0,3035,0,0,0,0,0,0,0,0,0,0,0,0,0,0,0,0,0,0,0,0,0,2,4,34,107,5,4,2,0,0,0,0,0,0,0,0,0,0,0,0,0,0,0,0,0,0,0,0,0,0,0,0,0,0,0,0,0,0,0,0,0,0,0,0,0,0,0,0,0,0,0,0,0,0,0,0,0,0,0,0,0,0,0,0,0,0,0,0,0,0,0,0,0,0,0,0,0,0,0,0,0,0,0,0,0,0,0,0,0,0,0,0,0,0,0,0,0,0,0,2,5,"B","TCGAGAGT","TCTCCGAT","GGGACGATAAGACCCTATA ","ATTACGCTGTTATCCCTAAAG ","NC_Sharks","sample",NA,3194,9,TRUE,TRUE,3194,9
"St39-St40","Shark5","Carcharhinus acronotus","6/9/20","stomach",0,0,0,0,0,0,0,0,0,0,0,0,0,0,0,0,0,0,0,0,0,0,0,0,0,0,0,0,0,0,0,0,0,0,0,0,0,0,0,0,0,0,0,0,0,0,0,0,0,0,0,0,0,0,0,0,0,0,0,0,0,0,0,0,0,0,0,0,0,0,0,0,0,0,0,0,0,0,0,0,0,0,0,0,0,0,0,0,0,0,0,0,0,0,0,0,0,0,0,0,0,0,0,0,0,0,0,0,0,0,0,0,0,0,0,0,0,0,0,0,0,0,0,0,0,0,0,0,0,0,0,0,0,0,0,0,0,1,0,0,0,0,0,0,0,0,0,0,2,5,"C","GGTCGTAT","TCTCCGAT","GGGACGATAAGACCCTATA ","ATTACGCTGTTATCCCTAAAG ","NC_Sharks","sample",NA,1,1,TRUE,TRUE,1,1
"St41-St42","Shark46","Rhizoprionodon terraenovae","7/15/20","stomach",0,0,0,18752,0,0,0,0,0,0,0,0,0,0,0,0,0,0,0,0,0,0,0,0,0,0,0,0,0,0,0,0,0,0,0,0,0,0,0,0,0,0,0,0,0,0,0,0,0,0,0,0,0,0,0,0,0,0,0,0,0,0,0,0,0,0,0,0,0,0,0,0,0,0,0,0,0,0,0,0,0,0,0,0,0,0,0,0,0,0,0,0,0,0,0,0,0,0,0,0,0,0,0,0,0,0,0,0,0,0,0,0,0,0,0,0,0,0,0,0,0,0,0,0,0,0,0,0,0,0,0,0,0,0,0,0,0,0,352,0,0,0,0,0,0,0,0,0,2,5,"D","GTGATCCA","TCTCCGAT","GGGACGATAAGACCCTATA ","ATTACGCTGTTATCCCTAAAG ","NC_Sharks","sample",NA,19104,2,TRUE,TRUE,19104,2
"St43-St44","Shark61","Rhizoprionodon terraenovae","7/27/20","stomach",0,0,0,0,0,0,0,0,0,0,0,0,0,0,0,0,0,0,0,0,0,0,0,0,0,0,0,0,0,0,0,0,0,0,0,0,0,0,0,0,0,0,0,0,0,0,0,0,0,0,0,0,0,0,0,0,0,0,0,0,0,0,0,0,0,0,0,0,0,0,0,0,0,0,0,0,0,0,0,0,0,0,0,0,0,0,0,0,0,0,0,0,0,0,0,0,0,0,1,0,0,0,0,0,0,0,0,0,0,0,0,0,0,0,0,0,0,0,0,0,0,0,0,0,0,0,0,0,0,0,0,0,0,0,0,0,0,0,0,0,0,0,0,0,0,0,0,0,2,5,"E","TTCGTACG","TCTCCGAT","GGGACGATAAGACCCTATA ","ATTACGCTGTTATCCCTAAAG ","NC_Sharks","sample",NA,1,1,TRUE,TRUE,1,1
"St45-St46","Shark3","Rhizoprionodon terraenovae","6/9/20","stomach",0,0,0,0,0,0,0,0,0,0,0,0,0,0,0,0,0,0,0,0,0,0,0,0,0,0,0,0,0,0,0,0,0,0,0,0,0,0,0,0,0,0,132,0,0,0,0,0,0,0,0,0,0,0,0,0,0,0,0,79580,0,0,0,0,0,0,120,0,0,0,0,0,0,0,0,0,0,0,0,0,0,0,0,0,0,0,0,0,0,0,0,1,0,0,0,0,0,0,0,0,0,0,0,0,0,0,0,0,0,0,0,0,0,0,0,0,0,0,0,0,0,0,0,0,0,0,0,0,0,1456,0,156,0,0,0,0,0,87,0,0,0,0,0,0,0,0,0,0,2,5,"F","CGACCTAA","TCTCCGAT","GGGACGATAAGACCCTATA ","ATTACGCTGTTATCCCTAAAG ","NC_Sharks","sample",NA,81532,7,TRUE,TRUE,81532,7
"St47-St48","Shark6","Rhizoprionodon terraenovae","6/9/20","stomach",0,0,0,0,0,0,0,0,0,0,0,0,0,0,0,0,0,0,0,0,0,0,0,0,0,0,0,0,0,0,0,0,0,0,0,0,0,0,0,0,0,0,0,0,0,0,0,0,0,0,0,0,0,0,0,0,0,0,0,0,0,0,0,0,0,0,0,0,0,0,0,0,0,0,0,0,0,0,0,0,0,0,0,0,0,0,0,0,0,0,0,0,0,0,0,0,0,0,0,0,0,0,0,0,0,0,0,0,0,0,0,0,0,0,0,0,0,0,0,0,0,0,0,0,0,0,0,0,0,0,0,0,0,0,0,0,0,0,0,0,0,0,0,0,0,0,0,0,2,6,"A","CCACATTG","GAGGACTT","GGGACGATAAGACCCTATA ","ATTACGCTGTTATCCCTAAAG ","NC_Sharks","sample",NA,0,0,TRUE,TRUE,0,0
"St49-St50","Shark85","Carcharhinus acronotus","8/24/20","stomach",0,0,0,0,0,0,0,66426,0,0,0,0,0,0,0,0,0,0,0,0,0,0,0,0,0,24,0,0,0,0,0,0,186,0,0,331,0,1141,0,0,0,0,0,0,0,0,0,0,0,0,1,0,0,0,0,0,0,0,130,0,0,0,95,0,0,159,0,0,62,427,0,0,183,0,0,0,1786,65,104,82,51,0,554,39,0,91,65,35,25,65,43,29,50,801,0,85,0,0,22,2,107,28,43,4,41,0,0,0,0,0,0,0,0,0,0,0,0,0,0,0,0,0,0,0,0,0,0,0,0,0,0,0,0,0,0,0,0,0,0,0,0,0,0,0,0,0,0,0,2,6,"B","TCGAGAGT","GAGGACTT","GGGACGATAAGACCCTATA ","ATTACGCTGTTATCCCTAAAG ","NC_Sharks","sample",NA,73382,36,TRUE,TRUE,73382,36
"St5-St6","Shark8","Carcharhinus limbatus","6/17/20","stomach",0,0,0,0,0,0,0,0,0,0,0,0,0,0,0,0,0,0,0,0,0,0,0,0,0,0,0,0,0,0,0,0,0,0,0,0,0,0,0,0,0,0,0,0,0,0,0,0,0,0,0,0,0,0,0,0,0,0,0,0,0,0,0,0,0,0,0,0,0,0,0,0,0,0,0,0,0,0,0,0,0,0,0,0,0,0,0,0,0,0,0,0,0,0,0,0,0,0,0,0,0,0,0,0,0,0,0,0,0,0,0,0,0,0,0,0,0,0,0,0,0,0,0,0,0,0,0,0,0,0,0,0,0,0,0,0,0,0,0,0,0,0,0,0,0,0,0,0,2,2,"D","GTGATCCA","ACGACTTG","GGGACGATAAGACCCTATA ","ATTACGCTGTTATCCCTAAAG ","NC_Sharks","sample",NA,0,0,TRUE,TRUE,0,0
"St51-St52","Shark86","Carcharhinus acronotus","8/24/20","stomach",0,0,0,0,0,0,0,0,0,0,0,0,0,0,0,0,0,0,0,0,0,0,0,0,0,0,0,0,476,0,0,0,0,0,0,0,0,0,0,0,0,0,0,0,0,0,0,0,0,0,0,0,3,15,1,1,0,0,0,0,2,0,0,0,0,0,0,0,0,0,0,0,0,0,0,0,0,0,0,0,0,0,0,0,0,0,0,0,0,0,0,0,0,0,0,0,0,0,0,0,0,0,0,0,0,0,0,0,0,0,0,0,0,0,0,0,0,0,0,0,0,0,0,0,0,0,0,0,0,0,0,0,0,0,0,0,0,0,0,1,0,0,0,0,0,0,0,0,2,6,"C","GGTCGTAT","GAGGACTT","GGGACGATAAGACCCTATA ","ATTACGCTGTTATCCCTAAAG ","NC_Sharks","sample",NA,499,7,TRUE,TRUE,499,7
"St53-St54","Shark88","Carcharhinus limbatus","8/24/20","stomach",0,0,0,0,0,0,0,0,0,0,0,0,0,0,0,0,0,0,0,0,0,0,0,0,0,0,0,0,0,0,0,0,0,0,0,0,0,0,0,0,0,0,0,0,0,0,0,0,0,0,0,0,0,0,0,0,0,0,0,0,0,0,0,0,0,0,0,0,0,0,0,0,0,0,0,0,0,0,0,0,0,0,0,0,0,0,0,0,0,0,0,0,0,0,0,0,0,0,0,0,0,0,0,0,0,0,0,0,0,0,0,0,0,0,0,0,0,0,0,0,0,0,0,0,0,0,0,0,0,0,0,0,0,0,0,0,0,0,0,0,0,0,0,0,0,0,0,0,2,6,"D","GTGATCCA","GAGGACTT","GGGACGATAAGACCCTATA ","ATTACGCTGTTATCCCTAAAG ","NC_Sharks","sample",NA,0,0,TRUE,TRUE,0,0
"St55-St56","Shark45","Sphyrna tiburo","7/15/20","stomach",21769,0,0,0,0,0,13819,2062,0,1160,1227,471,0,2,5,1,1,0,3,2,1,31,0,18,3,0,0,9,0,0,30,0,7,0,0,13,2,41,4,0,0,0,0,200,0,25,0,4,2,2,0,0,0,0,0,0,0,0,2,0,0,0,2,9,0,5,0,0,2,14,2,0,4,1,1,0,40,4,2,2,0,0,9,0,0,5,4,0,0,2,0,0,3,30,0,2,0,0,0,0,0,0,0,0,1,0,0,0,0,0,0,0,7,195,0,0,0,159,220,199,0,0,0,0,0,0,0,16,64,0,0,0,0,0,0,0,0,0,0,0,5,4,0,0,0,0,0,0,2,6,"E","TTCGTACG","GAGGACTT","GGGACGATAAGACCCTATA ","ATTACGCTGTTATCCCTAAAG ","NC_Sharks","sample",NA,41929,59,TRUE,TRUE,41929,59
"St57-St58","Shark47","Sphyrna tiburo","7/15/20","stomach",24229,0,0,0,0,0,0,0,0,623,10415,495,0,51,61,3,9,0,32,22,15,256,0,167,16,0,9727,7,0,0,35,0,0,0,0,0,16,0,26,1,298,0,188,246,0,34,15,6,3,3,0,0,0,0,0,0,0,0,0,0,0,0,0,4,0,0,0,0,0,0,16,16,0,12,8,0,0,0,0,0,0,3,0,0,0,0,0,0,0,0,0,0,0,0,0,0,6,0,0,0,0,0,0,0,0,0,0,0,0,0,0,0,0,0,0,0,0,0,0,0,0,0,0,0,0,0,0,0,0,0,0,0,0,0,0,0,0,0,0,0,0,0,0,0,0,0,0,0,2,6,"F","CGACCTAA","GAGGACTT","GGGACGATAAGACCCTATA ","ATTACGCTGTTATCCCTAAAG ","NC_Sharks","sample",NA,47064,35,TRUE,TRUE,47064,35
"St59","Shark103","Sphyrna tiburo","6/26/20","stomach",0,0,0,0,0,0,0,0,0,0,0,0,0,0,0,0,0,0,0,0,0,0,0,0,0,0,0,0,0,0,0,0,0,0,0,0,0,0,0,0,0,0,0,0,0,0,0,0,0,0,0,0,0,0,0,0,0,0,0,0,0,0,0,0,0,0,0,0,0,0,0,0,0,0,0,0,0,0,0,0,0,0,0,0,0,0,0,0,0,0,0,0,0,0,0,0,0,38608,0,0,0,0,0,0,0,0,0,0,0,538,0,0,0,0,0,0,0,0,0,0,0,0,0,0,41,0,0,0,0,0,0,0,0,0,0,0,0,0,0,0,0,0,0,0,0,0,0,0,2,7,"A","CCACATTG","ACCATCCA","GGGACGATAAGACCCTATA ","ATTACGCTGTTATCCCTAAAG ","NC_Sharks","sample",NA,39187,3,TRUE,TRUE,39187,3
"St61-St62","Shark104","Sphyrna tiburo","6/1/20","stomach",27175,0,0,0,0,0,0,2410,0,1159,16450,574,0,19,100,2,11,0,43,21,13,373,0,232,19,0,0,5,0,0,35,0,8,0,0,6,21,47,29,2,0,2,0,251,0,39,0,2,4,2,0,0,0,0,0,0,0,0,3,0,0,0,6,3,0,5,0,0,2,13,28,21,3,11,6,7,68,3,3,2,0,6,17,0,0,3,2,0,1,0,0,0,4,25,0,5,0,0,0,1,4,2,4,0,0,0,0,0,0,0,0,0,0,0,0,0,0,0,0,0,0,0,0,0,0,0,0,0,0,0,0,0,0,0,0,0,0,0,0,0,0,0,135,0,0,0,0,0,2,7,"B","TCGAGAGT","ACCATCCA","GGGACGATAAGACCCTATA ","ATTACGCTGTTATCCCTAAAG ","NC_Sharks","sample",NA,49447,58,TRUE,TRUE,49447,58
"St63-St64","Shark105","Sphyrna tiburo","6/26/20","stomach",38194,5719,0,0,0,0,0,0,0,2492,0,789,0,0,0,0,0,0,0,0,0,0,0,0,0,0,0,7,0,0,62,0,0,0,0,0,0,0,0,0,0,5,0,279,0,56,17,5,3,2,0,0,0,0,0,0,0,0,0,0,0,1,0,6,0,0,0,0,0,0,0,0,0,0,0,0,0,0,0,0,0,0,0,0,0,0,0,0,0,0,0,0,0,0,0,0,0,0,0,0,0,0,0,0,0,0,0,146,0,0,78,0,0,0,0,0,0,0,0,0,0,0,0,0,0,0,0,0,0,0,0,0,0,0,0,0,0,0,0,0,0,0,0,0,0,0,0,0,2,7,"C","GGTCGTAT","ACCATCCA","GGGACGATAAGACCCTATA ","ATTACGCTGTTATCCCTAAAG ","NC_Sharks","sample",NA,47861,17,TRUE,TRUE,47861,17
"St65-St66","Shark106","Sphyrna tiburo","6/1/20","stomach",39419,0,0,0,0,0,0,0,0,1454,0,904,0,0,0,0,0,0,0,0,0,0,0,0,0,0,16,11,0,0,63,0,0,0,0,0,0,0,0,0,0,7,0,372,0,42,0,8,7,4,0,0,0,0,0,0,0,0,0,0,0,0,0,6,0,0,0,0,0,0,0,0,0,0,0,0,0,0,0,0,0,0,0,0,0,0,0,0,0,0,0,0,0,0,0,0,0,0,0,0,0,0,0,0,0,0,0,0,0,0,0,0,0,0,0,0,0,0,0,0,0,0,0,0,0,0,0,0,0,0,0,0,0,0,0,0,0,0,0,0,0,0,0,0,0,0,0,0,2,7,"D","GTGATCCA","ACCATCCA","GGGACGATAAGACCCTATA ","ATTACGCTGTTATCCCTAAAG ","NC_Sharks","sample",NA,42313,13,TRUE,TRUE,42313,13
"St67-St68","Shark126","Sphyrna tiburo","6/26/20","stomach",39247,0,0,0,0,0,0,0,0,1257,0,922,0,0,0,0,0,0,0,0,0,0,0,0,0,0,0,16,0,0,48,0,0,0,0,0,0,0,0,0,0,7,0,2100,0,63,17,11,7,3,0,0,0,0,0,0,0,207,0,0,0,0,0,8,0,0,0,0,0,0,0,0,0,0,0,0,0,0,0,0,0,0,0,0,0,0,0,0,0,0,0,0,0,0,0,0,0,0,0,0,0,0,0,0,0,0,0,0,0,0,4,0,0,0,0,0,0,0,0,0,0,0,0,0,0,0,0,0,0,0,0,0,0,0,0,0,0,0,0,0,0,0,0,0,0,0,0,0,2,7,"E","TTCGTACG","ACCATCCA","GGGACGATAAGACCCTATA ","ATTACGCTGTTATCCCTAAAG ","NC_Sharks","sample",NA,43917,15,TRUE,TRUE,43917,15
"St69-St70","Shark127","Sphyrna tiburo","6/26/20","stomach",41751,0,0,0,0,0,0,0,0,3591,0,870,0,0,0,0,0,0,0,0,1,0,0,0,0,0,21,14,0,0,62,0,0,0,0,0,0,0,0,0,0,5,0,381,25,46,16,9,2,5,0,0,0,0,0,0,0,0,0,0,0,0,0,5,0,0,0,0,0,0,0,0,0,0,0,0,0,0,0,0,0,0,0,0,0,0,0,0,0,0,0,0,0,0,0,0,0,0,0,0,0,0,0,0,0,0,0,0,37,0,44,0,0,0,0,0,0,0,0,0,0,0,0,0,0,0,0,0,0,0,0,0,0,0,0,0,0,0,0,0,0,0,0,0,0,0,0,0,2,7,"F","CGACCTAA","ACCATCCA","GGGACGATAAGACCCTATA ","ATTACGCTGTTATCCCTAAAG ","NC_Sharks","sample",NA,46885,18,TRUE,TRUE,46885,18
"St7-St8","Shark82","Rhizoprionodon terraenovae","8/18/20","stomach",0,0,0,0,0,0,0,0,22372,0,0,0,0,0,0,0,0,0,0,0,0,0,12,0,0,0,0,0,0,0,0,0,0,195,179,0,0,0,0,0,0,0,0,0,0,0,0,0,1,0,0,0,0,0,0,0,0,0,0,0,0,0,0,0,0,0,0,0,0,0,0,0,0,0,0,0,0,0,0,0,0,0,0,0,0,0,0,0,0,0,0,0,0,0,0,0,0,0,0,0,0,0,0,0,0,0,1797,0,0,0,0,0,0,0,0,0,0,0,0,0,0,0,0,0,0,0,0,0,0,0,15,0,0,0,0,0,0,0,0,0,0,0,0,0,0,0,0,0,2,2,"E","TTCGTACG","ACGACTTG","GGGACGATAAGACCCTATA ","ATTACGCTGTTATCCCTAAAG ","NC_Sharks","sample",NA,24571,7,TRUE,TRUE,24571,7
"St71-St108","Shark107","Carcharhinus acronotus","6/11/19","stomach",0,0,0,0,0,0,0,0,0,0,0,0,0,0,0,0,0,0,0,0,0,0,0,0,0,0,0,0,0,0,0,10,0,0,0,0,0,0,0,0,0,0,13,0,0,0,0,0,0,1,0,0,0,0,0,0,0,0,0,0,0,0,0,0,0,0,0,0,0,0,0,0,0,0,1,0,0,0,0,0,0,0,0,0,0,0,0,0,0,0,0,0,0,0,0,0,0,0,0,0,0,0,0,0,0,0,0,0,0,0,0,0,0,0,0,0,0,0,0,0,0,0,0,0,0,8,0,0,0,0,0,0,5,0,0,1,0,0,0,0,0,0,0,0,0,0,0,0,2,8,"A","CCACATTG","CAACACCT","GGGACGATAAGACCCTATA ","ATTACGCTGTTATCCCTAAAG ","NC_Sharks","sample",NA,39,7,TRUE,TRUE,39,7
"St72-St73","Shark108","Carcharhinus limbatus","6/11/19","stomach",0,0,0,0,0,0,0,0,0,0,0,0,0,0,0,0,0,0,0,0,0,0,0,0,0,0,0,0,0,0,0,0,0,0,0,0,0,0,0,0,0,0,0,0,0,0,0,0,0,0,0,0,0,0,0,0,0,0,0,0,0,0,0,0,0,0,0,0,0,0,0,0,0,0,0,0,0,0,0,0,0,0,0,0,0,0,0,0,0,0,0,0,0,0,0,0,0,0,0,0,0,0,0,0,0,0,0,0,0,0,0,0,0,0,0,0,0,0,0,0,0,0,0,0,0,0,0,0,0,0,0,0,0,0,0,0,0,0,0,0,0,0,0,3,0,0,0,0,2,8,"B","TCGAGAGT","CAACACCT","GGGACGATAAGACCCTATA ","ATTACGCTGTTATCCCTAAAG ","NC_Sharks","sample",NA,3,1,TRUE,TRUE,3,1
"St74-St75","Shark109","Rhizoprionodon terraenovae","10/15/19","stomach",0,0,0,0,0,0,0,0,0,0,0,0,0,0,0,0,0,0,0,0,0,0,0,0,0,0,0,0,0,0,0,0,0,0,0,0,0,0,0,0,0,0,0,0,0,0,0,0,0,0,0,0,0,0,0,0,0,0,0,0,0,0,0,0,0,0,0,0,0,0,0,0,0,0,0,0,0,0,0,0,0,0,0,0,0,0,0,0,0,0,0,0,0,0,0,0,0,0,0,0,0,0,0,0,0,0,0,0,0,0,0,0,0,0,0,0,0,0,0,0,0,0,0,0,0,0,0,0,0,0,0,0,0,0,0,0,0,0,0,0,0,0,0,0,0,0,0,0,2,8,"C","GGTCGTAT","CAACACCT","GGGACGATAAGACCCTATA ","ATTACGCTGTTATCCCTAAAG ","NC_Sharks","sample",NA,0,0,TRUE,TRUE,0,0
"St76-St77","Shark111","Carcharhinus limbatus","9/24/19","stomach",0,0,0,0,0,0,0,0,0,0,0,0,0,0,0,0,0,0,0,0,0,0,0,0,0,0,0,0,0,0,0,0,0,0,0,0,0,0,0,0,0,0,0,0,0,0,0,0,0,0,0,0,0,0,0,0,0,0,0,0,0,0,0,0,0,0,0,0,0,0,0,0,0,0,0,0,0,0,0,0,0,0,0,0,0,0,0,0,0,0,0,0,0,0,0,0,0,0,0,0,0,0,0,0,0,0,0,0,0,0,0,0,0,0,0,0,0,0,0,0,0,0,0,0,0,0,0,0,0,0,0,0,0,0,0,0,0,0,0,0,0,0,0,78,0,0,0,0,2,8,"D","GTGATCCA","CAACACCT","GGGACGATAAGACCCTATA ","ATTACGCTGTTATCCCTAAAG ","NC_Sharks","sample",NA,78,1,TRUE,TRUE,78,1
"St78-St79","Shark112","Rhizoprionodon terraenovae","6/27/19","stomach",0,0,0,0,0,0,0,0,0,0,0,0,0,0,0,0,0,0,0,0,0,0,0,0,0,0,0,0,0,0,0,0,0,0,0,0,0,0,0,0,0,0,0,0,0,0,0,0,0,0,0,0,0,0,0,0,0,0,0,0,0,0,0,0,0,0,0,0,0,0,0,0,0,0,0,0,0,0,0,0,0,0,0,0,0,0,0,0,0,0,0,0,0,0,0,0,0,0,0,0,0,0,0,0,0,0,0,0,0,0,0,0,0,0,0,0,0,0,0,0,0,0,0,0,0,0,0,0,0,0,0,0,317,0,0,0,0,0,0,0,0,0,0,0,1149,0,0,0,2,8,"E","TTCGTACG","CAACACCT","GGGACGATAAGACCCTATA ","ATTACGCTGTTATCCCTAAAG ","NC_Sharks","sample",NA,1466,2,TRUE,TRUE,1466,2
"St80-St81","Shark113","Rhizoprionodon terraenovae","6/25/19","stomach",0,0,0,0,0,0,0,0,0,0,0,0,0,0,0,0,0,0,0,0,0,0,0,0,0,0,0,0,0,0,0,0,0,0,0,0,0,0,0,0,0,0,0,0,0,0,0,0,0,0,0,0,0,0,0,0,0,0,0,0,0,0,0,0,0,0,0,0,0,0,0,0,0,0,0,0,0,0,0,0,0,0,0,0,0,0,0,0,0,0,0,0,0,0,0,0,0,0,1,0,0,0,0,0,0,0,0,0,0,0,0,0,0,0,0,0,0,0,0,0,0,0,0,0,0,0,0,0,0,0,2,0,0,0,0,0,0,0,0,0,0,1,0,0,0,0,0,0,2,8,"F","CGACCTAA","CAACACCT","GGGACGATAAGACCCTATA ","ATTACGCTGTTATCCCTAAAG ","NC_Sharks","sample",NA,4,3,TRUE,TRUE,4,3
"St82-St83","Shark114","Rhizoprionodon terraenovae","9/17/19","stomach",0,0,0,0,0,0,0,0,0,0,0,0,0,0,0,0,0,0,0,0,0,0,0,0,0,0,0,0,0,0,0,0,0,0,0,0,0,0,0,0,0,0,0,0,0,0,0,0,0,0,0,0,0,0,0,0,0,0,0,0,0,0,0,0,0,0,0,0,0,0,0,0,0,0,0,0,0,0,0,0,0,0,0,0,0,0,0,0,0,0,0,0,0,0,0,0,0,0,0,0,0,0,0,0,0,0,0,0,0,0,0,0,0,0,0,0,0,0,0,0,0,0,0,0,0,0,0,0,0,0,0,0,0,0,0,0,0,0,0,0,0,0,0,0,0,0,0,0,2,9,"A","CCACATTG","AGTTCGTC","GGGACGATAAGACCCTATA ","ATTACGCTGTTATCCCTAAAG ","NC_Sharks","sample",NA,0,0,TRUE,TRUE,0,0
"St84-St85","Shark115","Rhizoprionodon terraenovae","10/29/19","stomach",0,0,0,0,0,0,0,0,0,0,0,0,0,0,0,0,0,0,0,0,0,0,0,0,0,0,0,0,0,0,0,0,0,0,0,0,0,0,0,0,0,0,0,0,0,0,0,0,0,0,0,0,0,0,0,0,0,0,0,0,0,0,0,0,0,0,0,0,0,0,0,0,0,0,0,0,0,0,0,0,0,0,0,0,0,0,0,0,0,0,0,0,0,0,0,0,0,0,0,0,0,0,0,0,0,0,0,0,0,0,0,0,0,0,0,6107,0,0,0,0,0,0,0,403,0,0,1208,0,0,0,0,0,0,0,0,0,0,0,0,28,0,0,0,0,0,224,11,14,2,9,"B","TCGAGAGT","AGTTCGTC","GGGACGATAAGACCCTATA ","ATTACGCTGTTATCCCTAAAG ","NC_Sharks","sample",NA,7995,7,TRUE,TRUE,7995,7
"St86-St87","Shark116","Rhizoprionodon terraenovae","9/17/19","stomach",0,0,331,0,0,0,0,0,0,0,0,0,0,0,0,0,0,0,0,0,0,0,0,0,0,0,0,0,0,0,0,0,0,0,0,0,0,0,0,0,0,0,0,0,0,0,0,0,0,0,0,0,0,0,0,0,0,0,0,0,0,0,0,0,0,0,0,0,0,0,0,0,0,0,0,0,0,0,0,0,0,0,0,0,0,0,0,0,0,0,0,0,0,0,0,0,0,0,0,0,0,0,0,0,0,0,0,0,0,0,0,0,0,0,0,0,0,0,0,0,0,0,0,0,0,0,0,0,0,0,0,0,0,0,0,0,0,0,0,0,0,0,0,0,0,0,0,0,2,9,"C","GGTCGTAT","AGTTCGTC","GGGACGATAAGACCCTATA ","ATTACGCTGTTATCCCTAAAG ","NC_Sharks","sample",NA,331,1,TRUE,TRUE,331,1
"St88-St89","Shark117","Rhizoprionodon terraenovae","11/12/19","stomach",0,0,0,0,0,0,0,0,0,0,0,0,0,0,0,0,0,0,0,0,0,0,0,0,0,0,0,0,0,0,0,0,0,0,0,0,0,0,0,0,0,0,0,0,0,0,0,0,0,0,0,0,0,0,0,0,0,0,0,0,0,0,0,0,0,0,0,0,0,0,0,0,0,0,0,0,0,0,0,0,0,0,0,0,0,0,0,0,0,0,0,0,0,0,0,0,0,0,0,0,0,1,0,0,0,0,0,0,0,0,0,0,0,0,0,0,0,0,0,0,0,0,0,0,0,0,0,0,0,0,0,0,0,0,0,0,0,0,1,0,0,0,0,0,0,0,0,0,2,9,"D","GTGATCCA","AGTTCGTC","GGGACGATAAGACCCTATA ","ATTACGCTGTTATCCCTAAAG ","NC_Sharks","sample",NA,2,2,TRUE,TRUE,2,2
"St90-St91","Shark118","Rhizoprionodon terraenovae","8/6/19","stomach",0,0,0,0,0,0,0,0,0,0,0,0,0,0,0,0,0,0,0,0,0,0,0,0,0,0,0,0,0,0,0,0,0,0,0,0,0,0,0,0,0,0,0,0,0,0,0,0,0,0,0,0,0,0,0,0,0,0,0,0,0,0,0,0,0,0,0,0,0,0,0,0,0,0,0,0,0,0,0,0,0,0,0,0,0,0,0,0,0,0,0,0,0,0,0,0,0,0,0,0,0,0,0,0,0,0,0,0,0,0,0,0,0,0,0,0,0,0,0,0,0,0,0,0,0,0,0,0,0,0,0,0,0,0,0,0,0,0,0,0,1,0,0,0,0,0,0,0,2,9,"E","TTCGTACG","AGTTCGTC","GGGACGATAAGACCCTATA ","ATTACGCTGTTATCCCTAAAG ","NC_Sharks","sample",NA,1,1,TRUE,TRUE,1,1
"St92-St93","Shark119","Rhizoprionodon terraenovae","8/6/19","stomach",0,0,0,0,0,0,29610,0,0,0,0,0,0,0,0,0,0,0,0,0,0,0,0,0,0,0,0,0,0,0,0,0,0,0,0,0,0,0,0,0,0,0,0,0,0,0,0,0,0,0,0,0,0,0,0,0,0,0,0,0,0,0,0,0,0,0,0,0,0,0,0,0,0,0,0,0,0,0,0,0,0,0,0,0,0,0,0,1,0,0,0,0,0,0,0,0,0,0,0,0,0,0,0,0,0,0,0,0,0,0,0,0,9,466,0,0,0,324,478,418,0,1,0,0,0,0,0,33,0,0,0,0,0,0,0,0,0,0,0,0,7,10,0,0,0,0,0,1,2,9,"F","CGACCTAA","AGTTCGTC","GGGACGATAAGACCCTATA ","ATTACGCTGTTATCCCTAAAG ","NC_Sharks","sample",NA,31358,12,TRUE,TRUE,31358,12
"St96-St97","Shark121","Carcharhinus acronotus","8/29/19","stomach",0,0,0,0,0,0,0,0,0,0,0,0,0,0,0,0,0,0,0,0,0,0,0,0,0,0,0,0,0,0,0,0,0,0,0,0,0,0,0,1,0,0,0,0,0,0,0,0,0,0,0,0,0,0,0,0,0,0,0,0,0,0,0,0,0,0,0,0,0,0,0,0,0,0,0,0,0,0,0,0,0,0,0,0,0,0,0,0,0,0,0,0,0,0,0,0,0,0,0,0,0,0,0,0,0,0,0,0,0,0,0,0,0,0,0,0,0,0,0,0,0,0,0,0,0,0,0,0,0,0,0,0,0,0,0,0,0,0,0,0,0,0,0,0,0,0,0,0,2,10,"B","TCGAGAGT","CGAAGAAC","GGGACGATAAGACCCTATA ","ATTACGCTGTTATCCCTAAAG ","NC_Sharks","sample",NA,1,1,TRUE,TRUE,1,1
"St98-St99","Shark122","Rhizoprionodon terraenovae","10/15/19","stomach",0,0,0,0,0,0,0,0,0,0,0,0,0,0,0,0,0,0,0,0,0,0,0,0,0,0,0,0,0,0,0,0,0,0,0,0,0,0,0,0,0,0,0,0,0,0,0,0,0,0,0,0,0,0,0,0,0,0,0,0,0,0,0,0,0,0,0,0,0,0,0,0,0,0,0,0,0,0,0,0,0,0,0,0,0,0,0,0,0,0,0,0,0,0,0,0,0,0,0,0,0,0,0,0,0,0,0,0,0,0,0,0,0,0,0,0,0,0,0,0,0,0,0,0,0,0,0,0,0,0,0,0,0,0,0,0,0,0,0,0,0,0,0,0,0,0,0,0,2,10,"C","GGTCGTAT","CGAAGAAC","GGGACGATAAGACCCTATA ","ATTACGCTGTTATCCCTAAAG ","NC_Sharks","sample",NA,0,0,TRUE,TRUE,0,0
