"","sample","MiFish_00001","MiFish_00146","MiFish_01538","MiFish_02055","MiFish_00010","MiFish_00015","MiFish_00022","MiFish_00037","MiFish_00174","MiFish_00596","MiFish_00663","MiFish_01074","MiFish_01465","MiFish_01514","MiFish_01845","MiFish_02113","MiFish_02118","MiFish_00060","MiFish_02066","MiFish_00554","MiFish_00739","MiFish_00795","MiFish_00799","MiFish_01352","MiFish_01398","BerryCrust_0000002","BerryCrust_0000007","BerryCrust_0000023","BerryCrust_0000119","BerryCrust_0000142","BerryCrust_0000187","BerryCrust_0000191","BerryCrust_0000195","BerryCrust_0000439","BerryCrust_0000456","BerryCrust_0000569","BerryCrust_0000612","BerryCrust_0000868","BerryCrust_0001052","BerryCrust_0001057","BerryCrust_0001601","BerryCrust_0001807","BerryCrust_0001812","BerryCrust_0001988","BerryCrust_0002336","BerryCrust_0002337","BerryCrust_0002475","BerryCrust_0002498","BerryCrust_0002781","BerryCrust_0002827","BerryCrust_0002836","BerryCrust_0002847","BerryCrust_0002851","sample_id","material","Date Collected","Time of Capture","Site Name","Latitude (decimal degrees)","Longitude (decimal degrees)","Species (common name)","Species (scientific name)","Sex (male/female)","Age (neonate/juvenile/subadult/adult)","Fork Length (FL, mm.)","Stretched Total Length (STL, mm.)","Stomach Contents (Y/N)","Stable Isotopes (Y/N) (from Jeff; vert, muscle, liver)","Stable Isotope sequenced (Y/N)","Blood (Y/N)","Fecal Swab (Y/N)","Method of Capture","Salinity (ppt)","Water Temperature (C)","Fodrie Lab ID","Fishing Notes","Swab Appearence","Date Extraction Started","Time placed in incubator for Step 2","Placed in feezer after step 5? (Y/N)","If placed in freezer what date?","Date fully extracted","Purity","Concentration","DNA Extraction Notes"
"1","genus","Leiostomus","Sciaenops","Carcharhinus","Pomatomus","Lagodon","Brevoortia","Cynoscion","Sphyrna","Cynoscion","Symphurus","Carcharhinus","Synodus","Xyrichtys","Stephanolepis","Oncorhynchus","Trachinotus","Sardinella","Myrophis","Peprilus","Symphurus","Hippocampus","Paralichthys","Syngnathus","Trichiurus","Ophichthus","Callinectes","Ovalipes","Bimastos","Emerita","Hexapanopeus","Achelous","Penaeus","Arenaeus","Squilla","Callinectes","Penaeus","Dyspanopeus","Chelonibia","Upogebia","Achelous","Ovalipes","Lolliguncula","Rimapenaeus","Ogyrides","Belzebub","Pinnixa","Clibanarius","Pinnixulala","Pagurus","Podocorynoides","Centropages","Albunea","Ambidexter",NA,NA,NA,NA,NA,NA,NA,NA,NA,NA,NA,NA,NA,NA,NA,NA,NA,NA,NA,NA,NA,NA,NA,NA,NA,NA,NA,NA,NA,NA,NA,NA
"2","species","Leiostomus xanthurus","Sciaenops ocellatus",NA,"Pomatomus saltatrix","Lagodon rhomboides",NA,"Cynoscion nothus","Sphyrna tiburo","Cynoscion regalis","Symphurus plagiusa","Carcharhinus acronotus","Synodus foetens","Xyrichtys novacula",NA,"Oncorhynchus keta",NA,"Sardinella aurita","Myrophis punctatus",NA,NA,"Hippocampus erectus","Paralichthys lethostigma","Syngnathus louisianae","Trichiurus lepturus","Ophichthus gomesii","Callinectes sapidus","Ovalipes ocellatus","Bimastos rubidus","Emerita benedicti","Hexapanopeus angustifrons","Achelous spinimanus",NA,"Arenaeus cribrarius","Squilla empusa","Callinectes similis","Penaeus setiferus","Dyspanopeus sayi",NA,"Upogebia affinis","Achelous gibbesii",NA,"Lolliguncula brevis","Rimapenaeus constrictus","Ogyrides alphaerostris","Belzebub faxoni",NA,"Clibanarius vittatus","Pinnixulala retinens","Pagurus pollicaris","Podocorynoides minima","Centropages furcatus","Albunea catherinae","Ambidexter symmetricus",NA,NA,NA,NA,NA,NA,NA,NA,NA,NA,NA,NA,NA,NA,NA,NA,NA,NA,NA,NA,NA,NA,NA,NA,NA,NA,NA,NA,NA,NA,NA,NA
"3","NC73","   0","   0","   0","   0","   0","   0","   0","   0","   0","   0","   0","   0","   0","   0","   0","   0","   0","   0","   0","   0","   0","   0","   0","   0","   0","4920","   0","   0","   0","   0","   0","   0","   0","   0","   0","   0","   0","   0","   0","   0","   0","   0","   0","   0","   0","   0","   0","   0","   0","   0","   0","   0","   0","Shark73","fecal","8/12/20","11:37","","N 34.717717","W -76.599283","Bonnethead","Sphyrna tiburo","F","A",932,1137,"Y","Y","Y","Y","Y","Gill Net",36,29.5,"BH1","Died in gill net, kept for dissection, pregnant","Light with blood","3/23/21","5:00 PM","","","",1.89,379.2,"Added 100ul of h2o"
"4","NC97","    0","    0","    0","    0","    0","    0","    0","    0","    0","    0","    0","    0","    0","    0","    0","    0","    0","    0","    0","    0","    0","    0","    0","    0","    0","12002","    0","    0","    0","    0","    0","    0","    0","    0","    0","    0","    0","    0","    0","    0","    0","    0","    0","    0","    0","    0","    0","    0","    0","    0","    0","    0","    0","Shark97","fecal","8/25/20","12:27","","N 34.717867","W -76.599967","Bonnethead","Sphyrna tiburo","F","A",906,1103,"Y","Y","Y","Y","Y","Gill Net",NA,NA,"BH6","Died in gill net, kept for dissection, pregnant","Light","3/23/21","5:00 PM","","","",1.87,152.3,"After step two most all evaporated; added 325ul of h2o"
"5","NC48","  12","   0","   0","   0","   0","   0","   0","   0","   0","   0","   0","   0","   0","   1","   0","   0","   0","   0","   0","   1","   0","   0","   0","   0","   0","4369","   0","   0","   0","   0","   0","   0","   0","   0","   0","   0","   0","   0","   0","   0","   0","   0","   0","   0","   0","   0","   0","   0","   0","   0","   0","   0","   0","Shark48","fecal","7/15/20","12:00","Middle Marsh","N 34.717533","W -76.598833","Bonnethead","Sphyrna tiburo","F","",741,932,"Y","Y","Y","Y","Y","Gill Net",32,29.8,"BH1","Died in gill net, Kept for dissection","Light","3/23/21","5:00 PM","","","",1.96,22.4,""
"6","NC23","   0","   0","   0","   0","   0","   0","   0","   0","   0","   0","   0","   0","   0","   0","   0","   0","   0","   0","   0","   0","   0","   0","   0","   0","   0","6490","   0","   0","   0","   0","   0","   0","   0","   0","   0","   0","   0","   0","   0"," 109","   0","   0","   0","   0","   0","   0","   0","   0","   0","   0","   0","   0","   0","Shark23","fecal","6/30/20","13:04","Middle Marsh","N 34.694550","W -76.60087","Bonnethead","Sphyrna tiburo","F","A",891,1071,"Y","Y","Y","Y","Y","Gill Net",33,26.5,"BH1","Died in gill net, Kept for stomach dissection, pregnant ","Light","3/23/21","5:00 PM","N","","3/23/21",1.88,756.6,""
"7","NC47","   0","   0","   0","   0","   0","   0","   0","   0","   0","   0","   0","   0","   0","   0","   0","   0","   0","   0","   0","   0","   0","   0","   0","   0","   0","9911","   0","   0","   0","   0","   0","   1","   0","8466","   0","   0","   0","   0","   0"," 170","   0","   0","   0","   0","   0","   0","   0","   0","   0","   0","   0","   0","   0","Shark47","fecal","7/15/20","12:00","Middle Marsh","N 34.717533","W -76.598833","Bonnethead","Sphyrna tiburo","F","",821,1103,"Y","Y","Y","Y","Y","Gill Net",32,29.8,"BH2","Died in gill net, Kept for dissection","Medium","3/23/21","5:00 PM","","","",1.95,46.5,""
"8","NC38","    0","    0","    0","    0","    0","    0","    0","    0","    0","    0","    0","    0","    0","    0","    0","    0","    0","    0","    0","    0","    0","    0","    0","    0","    0","32336","    0","    0","    0","    0","    0","    2","    0","    0","    0","    0","    0","    0","    0","   49","    0","    0","    0","    0","    0","    0","    0","    0","    0","    0","    0","    0","    0","Shark38","fecal","7/10/20","10:59","Middle Marsh","N 34.7192","W -76.612767","Bonnethead","Sphyrna tiburo","F","",780,949,"Y","Y","Y","Y","Y","Gill Net",NA,NA,"BH2","Died in gill net, Kept for dissection","Medium","3/23/21","5:00 PM","","","",1.83,31.2,""
"9","NC62","    0","    0","    0","    0","    0","    0","    0","    0","    0","    0","    0","    0","    0","    0","    0","    0","    0","    0","    0","    0","    0","    0","    0","    0","    0","39447","    0","    0","    0","    0","    0","    0","    0","    0","    0","    0","    0","    0","    0","    0","    0","    0","    0","    0","    0","    0","    0","    0","    0","    0","    0","    0","    0","Shark62","fecal","7/27/20","12:24","Middle Marsh","N 34.715033","W -76.596167","Bonnethead","Sphyrna tiburo","F","A",943,1172,"Y","Y","Y","Y","Y","Gill Net",36,29.6,"BH2","Died in gill net, Kept for dissection","Light","3/23/21","5:00 PM","","","",1.98,79.5,""
"10","NC70","    0","    0","    0","    0","    0","    0","    0","    0","    0","    0","    0","    0","    0","    0","    0","    0","    0","    0","    0","    0","    0","    0","    0","    0","    0","24722","    0","    0","    0","    0","    0","    1","    0"," 4531","    0","    0","    0","    0","    0","    0","    0","    0","    0","    0","    0","    0","    0","    0","    0","    0","    0","    0","    0","Shark70","fecal","8/11/20","12:25","","N 34.71775","W -76.599783","Bonnethead","Sphyrna tiburo","F","",615,811,"Y","Y","Y","Y","Y","Gill Net",35,29.2,"BH1","Died in gill net, kept for dissection","Medium","3/23/21","5:00 PM","","","",1.87,16,""
"11","NC93","     0","     0","     0","     0","     0","     0","     0","     0","     0","     0","     0","     0","     0","     0","     0","     0","     0","     0","     0","     0","     0","     0","     0","     0","     0","149237","     0","     0","     0","     0","     0","    11","     0","     0","112165","   214","     0","     0","     0","     0","     0","     0","     0","     0","     0","     0","     0","     0","     0","     0","     0","     0","     0","Shark93","fecal","8/25/20","12:27","","N 34.717867","W -76.599967","Bonnethead","Sphyrna tiburo","F","",777,923,"Y","Y","N","Y","Y","Gill Net",NA,NA,"BH2","Died in gill net, kept for dissection, missing tip of tail","Medium","3/23/21","5:00 PM","","","",2.11,35,""
"12","NC52","0","0","0","0","0","0","0","0","0","0","0","0","0","0","0","0","0","0","0","0","0","0","0","0","0","0","0","0","0","0","0","0","0","1","0","0","0","0","0","0","0","0","0","0","0","0","0","0","0","0","0","0","0","Shark52","fecal","7/27/20","9:00","Middle Marsh","N 34.7178","W -76.60015","Bonnethead","Sphyrna tiburo","F","",810,1010,"Y","Y","Y","Y","Y","Gill Net",36,29.6,"BH1","Died in gill net, Kept for dissection","Light","3/23/21","5:00 PM","","","",1.95,130.3,""
"13","NC68","  337","    0","    0","    0","    0","    0","    0","    0","    0","    0","    0","    0","    0","    0","    0","    0","    0","    0","    0","    0","    0","    0","    0","    0","    0","24534","    0","    0","    0","    0","    0"," 1261","    0","    0","    0","    0","    0","    0","    0","    0","  638","    0","    0","    0","    0","    0","    0","    0","    0","    0","    0","    0","    0","Shark68","fecal","8/11/20","12:25","","N 34.71775","W -76.599783","Bonnethead","Sphyrna tiburo","F","",888,1120,"Y","Y","Y","Y","Y","Gill Net",35,29.2,"BH2","Died in gill net, kept for dissection","Full","3/23/21","5:00 PM","","","",2.46,69.1,""
"14","NC92"," 0"," 0"," 0","34","65"," 0"," 0"," 0"," 0"," 0"," 0"," 0"," 0"," 0"," 0"," 0"," 0"," 0"," 0"," 0"," 0"," 0"," 0"," 0"," 0"," 0"," 0"," 0"," 0"," 0"," 0","52"," 0"," 1"," 0"," 0"," 0"," 0"," 0"," 0"," 0"," 0"," 0"," 0"," 0"," 0"," 0"," 0"," 0"," 0"," 0"," 0"," 0","Shark92","fecal","8/25/20","11:53","","N 34.71855","W -76.600367","Bonnethead","Sphyrna tiburo","F","",835,1035,"N","N","Y","Y","Y","Bottom Longline",NA,NA,"BH1","Released","","3/19/21","6:45 PM","Y","3/21/21","3/22/21",1.98,165,""
"15","NC43","0","0","0","0","0","0","0","0","0","0","0","0","0","0","0","0","0","0","0","0","0","0","0","0","0","9","0","0","0","0","0","0","0","0","0","0","0","0","0","0","0","0","0","0","0","0","0","0","0","0","0","0","0","Shark43","fecal","7/15/20","12:00","Middle Marsh","N 34.717967","W -76.599833","Bonnethead","Sphyrna tiburo","F","",765,982,"N","N","N","Y","Y","Gill Net",32,29.8,"BH3","Released","None","3/19/21","6:45 PM","Y","3/21/21","3/22/21",1.92,81.9,""
"16","NC59","    0","    0","    0","    0","    0","    0","    0","    0","    0","    0","    0","    0","    0","    0","    0","    0","    0","    0","    0","    0","    0","    0","    0","    0","    0","11155","    0","    0","    0","    0","    0","    0","    0","  751","    0","    0","    0","    0","    0","    0","    0","    0","    0","    0","    0","    0","    0","    0","    0","    0","    0","    0","    0","Shark59","fecal","7/27/20","12:47","Middle Marsh","N 34.717517","W -76.59905","Bonnethead","Sphyrna tiburo","F","",665,850,"Y","Y","Y","Y","Y","Gill Net",36,29.6,"BH3","Died in gill net, Kept for dissection","Medium","3/23/21","5:00 PM","","","",1.94,208.4,""
"17","St11","    0","    0","    0","    0","    0","    8","    0","    0","    0","    0","    0","    0","    0","    0","    0","    0","    0","    0","    0","    0","    0","    0","    0","    0","    0","36242","    0","    0","    0","    0","    0","    0","    0","    0","    1","    0","    0","    0","    0","   33","    0","    0","    0","    0","    0","    0","    0","    0","    0","    0","    0","    0","    0","Shark23","stomach","6/30/20","13:04","Middle Marsh","N 34.694550","W -76.60087","Bonnethead","Sphyrna tiburo","F","A",891,1071,"Y","Y","Y","Y","Y","Gill Net",33,26.5,"BH1","Died in gill net, Kept for stomach dissection, pregnant ","Light","3/23/21","5:00 PM","N","","3/23/21",1.88,756.6,""
"18","St23-St24","    0","    0","    0","    0","    0","    0","    0","    0","    0","    0","    0","    0","    0","    0","    0","    0","    0","    0","    0","    0","    0","    0","    0","    0","    0","42442","    0","    0","    0","    0","    0"," 6486","    0"," 1593","    0","    0","    0","    0","    0","    0","    0","    0","    0","    0","    0","    0","    0","   10","    0","    0","    0","    0","    0","Shark70","stomach","8/11/20","12:25","","N 34.71775","W -76.599783","Bonnethead","Sphyrna tiburo","F","",615,811,"Y","Y","Y","Y","Y","Gill Net",35,29.2,"BH1","Died in gill net, kept for dissection","Medium","3/23/21","5:00 PM","","","",1.87,16,""
"19","St35-St36","    0","    0","    0","    0","    0","    0","    0","    0","    0","    0","    0","    0","    0","    0","    0","    0","    0","    0","    0","    0","    0","    0","    0","    0","    0","33930","    0","    0","    0","    0","    0","    0","    0","    0","33231","    0","    0","    0","    0","    0","    0","    0","    0","    0","    0","    0","    0","    0","    0","    0","    0","    0","    0","Shark93","stomach","8/25/20","12:27","","N 34.717867","W -76.599967","Bonnethead","Sphyrna tiburo","F","",777,923,"Y","Y","N","Y","Y","Gill Net",NA,NA,"BH2","Died in gill net, kept for dissection, missing tip of tail","Medium","3/23/21","5:00 PM","","","",2.11,35,""
"20","St1","    0","    0","    0","    0","    0","    0","    0","    0","    0","    0","    0","    0","    0","    0","    0","    0","    0","    0","    0","    0","    0","    0","    0","    0","    0","66153","   52","    0","    0","    0","    0","    0","    0","    1","    0","    0","    0","    0","    0","   12","    0","    0","    0","    0","    0","    0","   33","    0","    0","    0","    0","    0","    0","Shark38","stomach","7/10/20","10:59","Middle Marsh","N 34.7192","W -76.612767","Bonnethead","Sphyrna tiburo","F","",780,949,"Y","Y","Y","Y","Y","Gill Net",NA,NA,"BH2","Died in gill net, Kept for dissection","Medium","3/23/21","5:00 PM","","","",1.83,31.2,""
"21","St25-St26","    0","    0","    0","    0","    0","    0","    0","    0","    0","    0","    0","    0","    0","    0","    0","    0","    0","    0","    0","    0","    0","    0","    0","    0","    0","41181","    0","    0","    0","    0","    0","    2","    0","    0","    0","    0","    0"," 2067","    0","    0","    0","    0","    0","    0","    0","    0","    0","    0","    0","    0","    0","    0","    0","Shark60","stomach","7/27/20","12:54","Middle Marsh","N 34.7178","W -76.60015","Bonnethead","Sphyrna tiburo","F","A",941,1184,"Y","Y","N","Y","Y","Gill Net",36,29.6,"BH4","Died in gill net, Kept for dissection, pregnant","Full","3/23/21","5:00 PM","","","",2.62,50.5,""
"22","St61-St62","    0","  933","    0","    0","    0","    0","    0","    0","    0","    0","    0","    0","    0","    0","    0","    0","    0","    0","    0","    0","    0","    0","    0","    0","    0","29251","    0","    0","    0","    0","    0"," 2647","    0","17414","    0","    0","    0","    0","    0","    0","    0","    0","    0","    0","    0","    0","    0","    0","  135","    0","    0","    0","    0","Shark104","stomach","6/1/20","","","","","Bonnethead","Sphyrna tiburo","","",NA,NA,"","","","","N","",NA,NA,"","","","","","","","",NA,NA,""
"23","St27-St28","    0","    0","    0","    0","    0","    0","    0","    0","    0","    0","    0","    0","    0","    0","    0","    0","    0","    0","    0","    0","    0","    0","    0","    0","    0","60892","    0","    0","    0","    0","    0","    0","    0","    0","    0","    0","    0","    0","    0","    0","    0","    0","    0","    0","    0","    0","    0","    0","    0","    0","    0","    0","    0","Shark73","stomach","8/12/20","11:37","","N 34.717717","W -76.599283","Bonnethead","Sphyrna tiburo","F","A",932,1137,"Y","Y","Y","Y","Y","Gill Net",36,29.5,"BH1","Died in gill net, kept for dissection, pregnant","Light with blood","3/23/21","5:00 PM","","","",1.89,379.2,"Added 100ul of h2o"
"24","St63-St64","    0","    0","    0","    0","    0","    0","    0","    0","    0","    0","    0","    0","    0","    0","    0","    0","    0","    0","    0","    0","    0","    0","    0","    0","    0","41917"," 5719","    0","    0","    0","    0","    0","    0","    0","    0","    0","    0","   79","    0","    0","  146","    0","    0","    0","    0","    0","    0","    0","    0","    0","    0","    0","    0","Shark105","stomach","6/26/20","","","","","Bonnethead","Sphyrna tiburo","","",NA,NA,"","","","","N","",NA,NA,"","","","","","","","",NA,NA,""
"25","St17","    0","    0","    0","    0","    0","    0","    0","    0","    0","    0","    0","    0","    0","    0","    0","    0","    0","    0","    0","    0","    0","    0","    0","    0","    0","30031","    0","    0","    0","    0","    0","    0","    0","    0","    0","    0","    0","    0","    0","    0","    0","    0","    0","    0","    0","    0","    0","    0","    0","    0","    0","    0","    0","Shark96","stomach","8/25/20","12:27","","N 34.717867","W -76.599967","Bonnethead","Sphyrna tiburo","F","",842,1034,"Y","Y","Y","Y","Y","Gill Net",NA,NA,"BH5","Died in gill net, kept for dissection","Full","3/23/21","5:00 PM","","","",2.35,84.8,""
"26","St29-St30","    0","    0","    0","    0","    0","    0","    0","    0","    0","    0","    0","    0","    0","    0","    0","    0","    0","    0","    0","    0","    0","    0","    0","    0","    0","39656","    0","    0","    0"," 1975","    0","    0","    0","    0","    0","    0","    0","    0","    0","    0","    0","    0","    0","    0","    0","    0","    0","    0","    0","    0","    0","    0","    0","Shark48","stomach","7/15/20","12:00","Middle Marsh","N 34.717533","W -76.598833","Bonnethead","Sphyrna tiburo","F","",741,932,"Y","Y","Y","Y","Y","Gill Net",32,29.8,"BH1","Died in gill net, Kept for dissection","Light","3/23/21","5:00 PM","","","",1.96,22.4,""
"27","St65-St66","    0"," 2850","    0","    0","    0","    0","    0","    0","    0","    0","    0","    0","    0","    0","    0","    0","    0","    0","    0","    0","    0","    0","    0","    0","    0","42313","    0","    0","    0","    0","    0","    0","    0","    0","    0","    0","    0","    0","    0","    0","    0","    0","    0","    0","    0","    0","    0","    0","    0","    0","    0","    0","    0","Shark106","stomach","6/1/20","","","","","Bonnethead","Sphyrna tiburo","","",NA,NA,"","","","","N","",NA,NA,"","","","","","","","",NA,NA,""
"28","St19","    0","    0","    0","    0","    0","    0","    0","    0","    0","    0","    0","    0","    0","    0","    0","    0","    0","    0","    0","    0","    0","    0","    0","    0","    0","41302","   84","    0","    0","    0","    0","    0","    0","    0","    0","    0","    0","    0","    0","    0","    0","    0","    0","    0","    0","    0","    0","    0","    0","    0","    0","    0","    0","Shark95","stomach","8/25/20","12:27","","N 34.717867","W -76.599967","Bonnethead","Sphyrna tiburo","F","",786,991,"Y","Y","Y","Y","Y","Gill Net",NA,NA,"BH4","Died in gill net, kept for dissection","Full","3/23/21","5:00 PM","","","",2.41,111.1,""
"29","St31-St32","    0","    0","    0","    0","    4","    0","    0","    0","    0","    0","    0","    0","    0","    0","    0","    0","    0","    0","    0","    0","    0","    0","    0","    0","    0","45630","    0","    0","    0","    0","    0","    1","    0","    1","    0","    0","    0","    0","    0","    0","    0","    0","    0","    0","    0","    0","    0","    0","    0","    0","    0","    0","    0","Shark94","stomach","8/25/20","12:27","","N 34.717867","W -76.599967","Bonnethead","Sphyrna tiburo","F","",765,960,"Y","Y","Y","Y","Y","Gill Net",NA,NA,"BH3","Died in gill net, kept for dissection","Light","3/23/21","5:00 PM","","","",1.55,8.4,""
"30","St55-St56","    0","    0","    0","    0","    0","    0","    0","    0","    0","    0","    0","    0","    0","    0","    0","    0","    0","    0","    0","    0","    0","    0","    0","    0","    0","23681","    0","    0","    0","    0","14688"," 2256","    0"," 1304","    0","    0","    0","    0","    0","    0","    0","    0","    0","    0","    0","    0","    0","    0","    0","    0","    0","    0","    0","Shark45","stomach","7/15/20","12:00","Middle Marsh","N 34.717967","W -76.599833","Bonnethead","Sphyrna tiburo","F","",798,922,"Y","Y","N","Y","Y","Gill Net",32,29.8,"BH5","Died in gill net, Kept for dissection","Full","3/23/21","5:00 PM","","","",1.82,25.1,""
"31","St67-St68","    0","    0","    0","    0","    0","    0","    0","    0","    0","    0","    0","    0","    0","    0","    0","    0","    0","    0","    0","    0","    0","    0","    0","    0","    0","43706","    0","    0","    0","    0","    0","    0","    0","    0","    0","    0","    0","    4","  207","    0","    0","    0","    0","    0","    0","    0","    0","    0","    0","    0","    0","    0","    0","Shark126","stomach","6/26/20","","","","","Bonnethead","Sphyrna tiburo","","",NA,NA,"","","","","N","",NA,NA,"","","","","","","","",NA,NA,""
"32","St21","    0","    0","    0","    0","    0","    0","    0","    0","    0","    0","    0","    0","    0","    0","    0","    0","    0","    0","    0","    0","    0","    0","    0","    0","    0","33862","    0","    0","    0","    0","    0","    1","    0","    0","    0","    0","    0","    0","    0","    0","  155","    0","    0","    0","    0","    0","    0","    0","    0","    0","    0","    0","    0","Shark68","stomach","8/11/20","12:25","","N 34.71775","W -76.599783","Bonnethead","Sphyrna tiburo","F","",888,1120,"Y","Y","Y","Y","Y","Gill Net",35,29.2,"BH2","Died in gill net, kept for dissection","Full","3/23/21","5:00 PM","","","",2.46,69.1,""
"33","St57-St58","    0","    0","    0","    0","    0","    0","    1","    0","    0","    0","    0","    0","    0","    0","    0","    0","    0","    0","    0","    0","    0","    0","    0","    0","    0","35433","    0","    0","    0","    0","    0","  298","    0","11145","    0","    0","    0","    0","    0","  188","    0","    0","    0","    0","    0","    0","    0","    0","    0","    0","    0","    0","    0","Shark47","stomach","7/15/20","12:00","Middle Marsh","N 34.717533","W -76.598833","Bonnethead","Sphyrna tiburo","F","",821,1103,"Y","Y","Y","Y","Y","Gill Net",32,29.8,"BH2","Died in gill net, Kept for dissection","Medium","3/23/21","5:00 PM","","","",1.95,46.5,""
"34","St69-St70","    1","    0","    0","    0","    0","    0","    0","    0","    0","    0","    0","    0","    0","    0","    0","    0","    0","    0","    0","    0","    0","    0","    0","    0","    0","46778","    0","    0","    0","    0","    0","    0","    0","    1","    0","    0","    0","  106","    0","    0","    0","    0","    0","    0","    0","    0","    0","    0","    0","    0","    0","    0","    0","Shark127","stomach","6/26/20","","","","","Bonnethead","Sphyrna tiburo","","",NA,NA,"","","","","N","",NA,NA,"","","","","","","","",NA,NA,""
"35","NC65","   0","   0","   0","   0","   0","   0","   0","   0","   0","   0","   0","   0","   0","   0","   0","   0","   0","3236","   0","   0","   0","   0","   0","   0","   0","   0","   0","   0","   0","   0","   0","  21","   0","   0","   0","   0","   0","   0","   0","   0","   0","   0","   0","   0","   0","   0","   0","   0","   0","   0","   0","   0","   0","Shark65","fecal","8/11/20","12:06","","N 34.714917","W -76.596133","Atlantic Sharpnose","Rhizoprionodon terraenovae","F","N",355,442,"N","N","N","N","Y","Gill Net",35,29.2,"","Released","","3/1/21","6:00 PM","N","","3/3/21",1.89,58.6,""
"36","NC81"," 1"," 0"," 0"," 0"," 0"," 0"," 0"," 0"," 0"," 0"," 0"," 0"," 0"," 0","10"," 0"," 0"," 0"," 0"," 0"," 0"," 0"," 0"," 0"," 0"," 0"," 0"," 0"," 0"," 0"," 0"," 1"," 0"," 0"," 0"," 0"," 0"," 0"," 0"," 0"," 0"," 0"," 0"," 0"," 0"," 0"," 0"," 0"," 0"," 0"," 0"," 0"," 0","Shark81","fecal","8/18/20","13:30","Offshore","N 34.631703","W -76.639623","Atlantic Sharpnose","Rhizoprionodon terraenovae","M","N",308,383,"Y","Y","N","N","Y","Longline",NA,83.8,"AS6","Died on lingline, kept for stomach dissection, missing 1 clasper","Light","3/19/21","6:45 PM","Y","3/21/21","3/22/21",1.94,659.9,"After step 2 some evaporated"
"37","NC72","0","0","0","0","0","0","0","0","0","0","0","0","0","0","0","0","0","0","0","0","0","0","0","0","0","0","0","0","0","0","0","3","0","0","0","0","0","0","0","0","0","0","0","0","0","0","0","0","0","0","0","0","0","Shark72","fecal","8/12/20","9:07","","N 34.701917","W -76.612333","Atlantic Sharpnose","Rhizoprionodon terraenovae","F","N",380,471,"N","N","N","N","Y","Bottom Longline",36,29.5,"","Released?","","3/1/21","6:00 PM","N","","3/3/21",1.93,234.4,""
"38","NC80","2","0","0","0","0","0","0","0","0","0","0","0","0","0","0","0","0","0","0","0","0","0","0","0","0","0","0","0","0","0","0","0","0","0","0","0","0","0","0","0","0","0","0","0","0","0","0","0","0","0","0","0","0","Shark80","fecal","8/18/20","13:30","Offshore","N 34.631703","W -76.639623","Atlantic Sharpnose","Rhizoprionodon terraenovae","M","N",330,406,"Y","Y","N","N","Y","Longline",NA,83.8,"AS5","Died on lingline, kept for stomach dissection","Light/medium","3/19/21","6:45 PM","Y","3/21/21","3/22/21",1.92,38,"After step 2 most all evaporated"
"39","NC6","1387","   0","   0","   0","   0","   0"," 528","   0","   0","   0","   0","   0","   0","   0","   0","   0","   0","   0","   0","   0","   0","   0","   0","   0","   0","   0","   0","   0","   0","   0","   0","   1","   0","   0","   0","   0","   0","   0","   0","   0","   0","   0","   0","   0","   0","   0","   0","   0","   0","   0","   0","   0","   0","Shark6","fecal","6/9/20","10:20","Offshore","N 34.55381","W -76.624512","Atlantic Sharpnose","Rhizoprionodon terraenovae","F","",784,962,"Y","Y","Y","","Y","Longline",NA,25.78,"AS9","Kept for stomach dissection","Light","3/23/21","5:00 PM","N","","3/23/21",1.91,52.2,""
"40","NC31","0","0","0","0","0","0","0","1","0","0","0","0","0","0","0","0","0","0","0","0","0","0","0","0","0","0","0","0","0","0","0","0","0","2","0","0","0","0","0","0","0","0","0","0","0","0","0","0","0","0","0","0","0","Shark31","fecal","7/7/20","8:51","Inshore","N 34.6457","W -76.6735","Atlantic Sharpnose","Rhizoprionodon terraenovae","F","N",304,372,"N","Y","N","N","Y","Trawl",NA,NA,"AS4","Kept for dissesction, closed umbilical scar","","3/9/21","12:30 PM","N","","3/10/21",1.99,742.5,""
"41","NC79","58"," 0"," 0"," 0"," 0"," 0"," 0"," 1"," 0"," 0"," 0"," 0"," 0"," 0"," 0"," 0"," 0"," 0"," 0"," 0"," 0"," 0"," 0"," 0"," 0"," 1"," 0"," 0"," 0"," 0"," 0"," 0"," 0"," 0"," 0"," 0"," 0"," 0"," 0"," 0"," 0"," 0"," 0"," 0"," 0"," 0"," 0"," 0"," 0"," 0"," 0"," 0"," 0","Shark79","fecal","8/18/20","13:30","Offshore","N 34.631703","W -76.639623","Atlantic Sharpnose","Rhizoprionodon terraenovae","M","N",348,435,"Y","Y","N","N","Y","Longline",NA,83.8,"AS4","Died on lingline, kept for stomach dissection","Medium","3/19/21","6:45 PM","Y","3/21/21","3/22/21",1.94,576.1,"After step 2 most all evaporated"
"42","NC30","7","0","0","0","0","0","0","0","0","0","1","0","0","0","0","0","0","0","0","0","0","0","0","0","0","1","0","0","0","0","0","0","0","0","0","0","0","0","0","0","0","0","0","0","0","0","0","0","0","0","0","0","0","Shark30","fecal","7/7/20","8:51","Inshore","N 34.6457","W -76.6735","Atlantic Sharpnose","Rhizoprionodon terraenovae","M","N",333,402,"N","Y","N","N","Y","Trawl",NA,NA,"AS3","Kept for dissesction, closed umbilical scar","","3/9/21","12:30 PM","N","","3/10/21",1.91,73.6,""
"43","NC78","4","0","0","0","0","0","0","0","0","0","0","0","0","0","0","0","0","0","0","0","0","0","0","0","0","0","0","0","0","0","0","0","0","0","0","0","0","0","0","0","0","0","0","0","0","0","0","0","0","0","0","0","0","Shark78","fecal","8/18/20","10:30","Offshore","N 34.550203","W -76.622982","Atlantic Sharpnose","Rhizoprionodon terraenovae","M","J",720,869,"N","N","N","Y","Y","Longline",NA,82,"AS3","Released","Light","3/19/21","6:45 PM","Y","3/21/21","3/22/21",1.92,354.9,"After step 2 some evaporated"
"44","NC29"," 0"," 0"," 0"," 0"," 0"," 0"," 0"," 0"," 0"," 0"," 0"," 0"," 0"," 0"," 0"," 0"," 0"," 0"," 0"," 0"," 0"," 0"," 0"," 0"," 0"," 0"," 0"," 0"," 0"," 0"," 0"," 0"," 0"," 0"," 0"," 0"," 0"," 1"," 0"," 0"," 0"," 0"," 0"," 0"," 0","10"," 0"," 0"," 0"," 0"," 0"," 0"," 0","Shark29","fecal","7/7/20","9:33","Inshore","N 34.63475","W -76.6328","Atlantic Sharpnose","Rhizoprionodon terraenovae","F","N",316,396,"Y","Y","N","N","Y","Longline",NA,NA,"AS2","Kept for dissesction, closed umbilical scar","","3/9/21","12:30 PM","N","","3/10/21",1.92,782.8,""
"45","NC37","   2","   0","   0","   0","   0","   0","   0","   0","   0","   0","   0","  17","   0","   0","   0","   0","   0","   0","   0","   0","   0","   0","   0","   0","   0","   0","   0","   0","   0","   0","   0","1098","   0","   0","   0","   0","   0","   0","   0","   0","   0","   0","   0","   0","   0","   0","   0","   0","   0","   0","   0","   0","   0","Shark37","fecal","7/10/20","10:50","Middle Marsh","N 34.718767","W -76.612567","Atlantic Sharpnose","Rhizoprionodon terraenovae","F","N",333,393,"N","Y","N","N","Y","Gill Net",NA,NA,"AS1","Died in gill net, kept for dissection, closed umbilical scar","Light","3/19/21","6:45 PM","Y","3/21/21","3/22/21",1.91,959.5,"After step 2 some evaporated"
"46","NC61","0","0","0","0","0","0","0","0","0","0","0","0","0","0","0","0","0","0","0","0","0","0","0","0","0","0","0","0","0","0","1","0","0","0","0","0","0","0","0","0","0","0","0","0","0","0","0","0","0","0","0","0","0","Shark61","fecal","7/27/20","12:24","Middle Marsh","N 34.715033","W -76.596167","Atlantic Sharpnose","Rhizoprionodon terraenovae","F","N",343,430,"Y","Y","N","N","Y","Gill Net",36,29.6,"AS1","Died in gill net, Kept for dissection, Closed umbilical scar","Light","3/23/21","5:00 PM","","","",1.91,926.6,""
"47","NC69","0","0","0","0","0","0","0","0","0","0","0","0","0","0","0","0","0","0","0","0","0","0","0","0","0","0","0","0","0","0","0","3","0","0","0","0","0","0","0","0","0","0","0","0","0","0","0","0","0","0","0","0","0","Shark69","fecal","8/11/20","12:15","","N 34.7177","W -76.598517","Atlantic Sharpnose","Rhizoprionodon terraenovae","M","N",324,396,"Y","Y","N","Y","Y","Gill Net",35,29.2,"AS1","Died in gill net, kept for dissection","Light","3/19/21","6:45 PM","Y","3/21/21","3/22/21",1.95,1548.8,""
"48","NC77","0","0","0","0","0","0","0","0","0","0","0","0","0","0","0","0","0","0","0","0","0","0","0","0","0","3","0","0","0","0","0","0","0","0","0","0","0","0","0","0","0","0","0","0","0","0","0","0","0","0","0","0","0","Shark77","fecal","8/18/20","10:30","Offshore","N 34.65","W -76.671162","Atlantic Sharpnose","Rhizoprionodon terraenovae","M","N",311,387,"Y","Y","N","N","Y","Trawl",NA,82.9,"AS2","Died in trawl net, kept for stomach dissection ","Medium","3/19/21","6:45 PM","Y","3/21/21","3/22/21",1.96,47.6,"After step 2 most all evaporated"
"49","NC3"," 0"," 0"," 0"," 0"," 0"," 0","42"," 0"," 0"," 0"," 0"," 0"," 0"," 0"," 0"," 0"," 0"," 0"," 0"," 0"," 0"," 0"," 0"," 0"," 0"," 0"," 0"," 0"," 0"," 0"," 0"," 0"," 0"," 0"," 0"," 0"," 0"," 0"," 0"," 0"," 0"," 0"," 0"," 0"," 0"," 0"," 0"," 0"," 0"," 0"," 0"," 0"," 0","Shark3","fecal","6/9/20","10:20","Offshore","N 34.55381","W -76.624512","Atlantic Sharpnose","Rhizoprionodon terraenovae","F","",771,933,"Y","Y","Y","","Y","Longline",NA,25.78,"AS11","Kept for stomach dissection","None","3/23/21","5:00 PM","N","","3/23/21",1.8,73.3,""
"50","NC28","0","0","0","0","0","2","0","0","0","0","0","0","0","0","0","0","0","0","0","0","0","0","0","0","0","0","0","0","0","0","0","0","0","0","0","0","0","0","0","0","0","0","0","0","0","0","0","0","0","0","0","0","0","Shark28","fecal","7/7/20","9:33","Inshore","N 34.63475","W -76.6328","Atlantic Sharpnose","Rhizoprionodon terraenovae","M","N",312,387,"Y","Y","N","N","Y","Longline",NA,NA,"AS1","Kept for dissesction, closed umbilical scar","","3/9/21","12:30 PM","N","","3/10/21",1.82,26.5,""
"51","NC76","1","0","0","0","0","0","0","0","0","0","0","1","0","0","0","0","0","0","0","0","0","0","0","0","0","3","0","0","0","0","0","0","0","1","0","0","0","0","0","0","0","0","0","0","0","0","0","0","0","0","0","0","0","Shark76","fecal","8/18/20","10:30","Offshore","N 34.65","W -76.671162","Atlantic Sharpnose","Rhizoprionodon terraenovae","F","N",346,426,"Y","Y","N","N","Y","Trawl",NA,82.9,"AS1","Died in trawl net, kept for stomach dissection ","Light","3/19/21","6:45 PM","Y","3/21/21","3/22/21",1.93,537,"After step 2 some evaporated"
"52","NC2"," 0"," 0"," 0"," 0"," 0"," 0","26"," 0"," 0"," 0"," 0"," 0"," 0"," 0"," 0"," 0"," 0"," 0"," 0"," 0"," 0"," 0"," 0"," 0"," 0"," 0"," 0"," 0"," 0"," 0"," 0"," 0"," 0"," 0"," 0"," 0"," 0"," 0"," 0"," 0"," 0"," 0"," 0"," 0"," 0"," 0"," 0"," 0"," 0"," 0"," 0"," 0"," 0","Shark2","fecal","6/9/20","10:20","Offshore","N 34.55381","W -76.624512","Atlantic Sharpnose","Rhizoprionodon terraenovae","M","",732,894,"Y","Y","Y","","Y","Longline",NA,25.78,"AS4","Kept for stomach dissection","None","3/23/21","5:00 PM","N","","3/23/21",1.79,19.9,""
"53","NC67","    0","    0","    0","    0","    0","    1","    0","    0","    0","    0","    0","    0","    0","    0","    0","    0","    0","  971","    0","    0","    0","    0","    0","    0","    0","    0","    0","    0","    0","    0","    0","34743","    0","    0","    0","    0","    0","    0","    0","    0","    0","    0","    0","    0","    0","    0","    0","    0","    0","    0","    0","    0","    0","Shark67","fecal","8/11/20","12:10","","N 34.7188","W -76.603233","Atlantic Sharpnose","Rhizoprionodon terraenovae","F","N",370,461,"N","N","N","N","Y","Bottom Longline",35,29.2,"","Released","","3/1/21","6:00 PM","N","","3/3/21",1.54,17.8,""
"54","NC83","1333","   0","   0","   0","   0","   0","   0","   0","   0","   0","   0","  29","   0","   0","   0","   0","   0","   0","   0","   0","   0","   0","   0","   0","   0","   0","   0","   0","   0","   0","   0","   2","1385","   0","   0","   0","   0","   0","   0","   0","   0","   0","   0","   0","   0","   0","   0","   0","   0","   0","   0","   0","   0","Shark83","fecal","8/18/20","13:30","Offshore","N 34.631703","W -76.639623","Atlantic Sharpnose","Rhizoprionodon terraenovae","M","J",705,864,"","","N","","Y","",NA,83.8,"","Control sample from NC83 (NC82?????)","None","3/23/21","5:00 PM","","","",1.96,40.4,"Added 100ul of h2o"
"55","NC1","1","0","0","0","0","0","0","0","0","0","0","0","0","0","0","0","0","0","0","0","0","0","0","0","0","0","0","0","0","0","0","0","0","0","0","0","0","0","0","0","0","0","0","0","0","0","0","0","0","0","0","0","0","Shark1","fecal","6/9/20","11:30","Inshore","N 34.64503","W -76.627283","Atlantic Sharpnose","Rhizoprionodon terraenovae","F","N",285,354,"Y","Y","N","","Y","Longline",NA,25.83,"AS20","Kept for stomach dissection, open umbilical scar","","2/23/21","3:11 PM","Y","2/24/21","2/26/21",1.93,291.4,"Added AE buffer at step 11 instead of step 16 so there is probably no DNA"
"56","NC50","0","0","0","0","0","0","0","0","0","0","0","0","0","0","0","0","0","0","0","0","0","0","0","0","0","0","0","0","0","0","0","0","0","1","0","0","0","0","0","0","0","0","0","0","0","0","0","0","0","0","0","0","0","Shark50","fecal","7/21/20","10:00","Inshore","N 34.638182","W -76.62213","Atlantic Sharpnose","Rhizoprionodon terraenovae","F","J",787,965,"N","N","N","Y","Y","Longline",NA,29.3,"AS1","Released, tag 3982, fin clip 314","None","3/19/21","6:45 PM","Y","3/21/21","3/22/21",1.81,8.2,"After step 2 most all evaporated"
"57","NC66","0","0","0","0","0","0","0","0","0","0","0","0","0","0","0","0","0","0","0","0","0","0","0","0","1","0","0","0","0","0","0","0","0","0","0","0","0","0","0","0","0","0","0","0","0","0","0","0","0","0","0","0","0","Shark66","fecal","8/11/20","11:30","","N 34.680933","W -76.607533","Atlantic Sharpnose","Rhizoprionodon terraenovae","F","N",364,459,"N","N","N","N","Y","Bottom Longline",35,29.2,"","Released","","3/1/21","6:00 PM","N","","3/3/21",1.94,388.6,""
"58","NC82","14501","    0","    0","    0","    0","    0","    0","    0","    0","    0","    0","    0","    0","    0","    0","    0","    0","    0","    0","    0","    0","    0","    0","    0","    0","    0","    0","    0","    0","    0","    0","    0","  655","    0","    0","    0","    0","    0","    0","    0","    0","    0","    0","    0","    0","    0","    0","    0","    0","    0","    0","    0","    0","Shark82","fecal","8/18/20","13:30","Offshore","N 34.631703","W -76.639623","Atlantic Sharpnose","Rhizoprionodon terraenovae","M","J",705,864,"Y","Y","Y","Y","Y","Longline",NA,83.8,"AS7","Kept for stomach dissection","Medium","3/23/21","5:00 PM","","","",1.68,11.6,""
"59","St47-St48","26366","    0","    0","    0","    0","    0","    0","    0","    0","    0","    0","    0","    0","    0","    0","    0","    0","    0","    0","    0","    0","    0","    0","    0","    0","    0","    0","    0","    0","    0","    0","    0","    0","    0","    0","    0","    0","    0","    0","    0","    0","    0","    0","    0","    0","    0","    0","    0","    0","    0","    0","    0","    0","Shark6","stomach","6/9/20","10:20","Offshore","N 34.55381","W -76.624512","Atlantic Sharpnose","Rhizoprionodon terraenovae","F","",784,962,"Y","Y","Y","","Y","Longline",NA,25.78,"AS9","Kept for stomach dissection","Light","3/23/21","5:00 PM","N","","3/23/21",1.91,52.2,""
"60","St82-St83","0","0","0","0","0","0","0","0","0","0","0","0","0","0","0","0","0","0","0","0","0","0","0","0","1","0","0","0","0","0","0","0","0","0","0","0","0","0","0","0","0","0","0","0","0","0","0","0","0","0","0","0","0","Shark114","stomach","9/17/19","","","","","Atlantic Sharpnose","Rhizoprionodon terraenovae","","",NA,NA,"","","","","N","",NA,NA,"","","","","","","","",NA,NA,""
"61","St106-St107","   0","   0","   0","   0","5570","   0","   0","   0","   0","   0","   0","   0","   0","   0","   0","   0","   0","   0","   0","   0","   0","   0","   0","   0","   0","   0","   0","   0","   0","   0","   0","   0","   0","   0","   0","   0","   0","   0","   0","   0","   0","   0","   0","   0","   0","   0","   0","   0","   0","   0","   0","   0","   0","Shark110","stomach","10/15/19","","","","","Atlantic Sharpnose","Rhizoprionodon terraenovae","","",NA,NA,"","","","","N","",NA,NA,"","","","","","","","",NA,NA,""
"62","St13"," 0"," 0"," 0"," 0"," 0"," 0"," 1"," 0"," 0"," 0"," 0"," 0"," 0"," 0"," 0"," 0"," 0"," 0"," 0"," 0"," 0"," 0"," 0"," 0"," 0"," 0"," 0"," 0"," 0"," 0"," 0"," 0"," 0"," 0"," 0"," 0"," 0"," 0"," 0","66"," 0"," 0"," 0"," 0"," 0"," 0"," 0"," 0"," 0"," 0"," 0"," 0"," 0","Shark2","stomach","6/9/20","10:20","Offshore","N 34.55381","W -76.624512","Atlantic Sharpnose","Rhizoprionodon terraenovae","M","",732,894,"Y","Y","Y","","Y","Longline",NA,25.78,"AS4","Kept for stomach dissection","None","3/23/21","5:00 PM","N","","3/23/21",1.79,19.9,""
"63","St84-St85","  43","   0","   0","   0","   0","   0","   0","   0","   0","   0","   0","   0","   0","   0","   0","   0","   0","   0","   0","   0","   0","   0","   0","   0","   0","   0","   0","   0","   0","   0","   0","   0","   0","   0","   0","   0","   0","   0","   0","   0","   0","   0","   0","6107","   0","1653","   0","   0","   0","   0","   0"," 224","  11","Shark115","stomach","10/29/19","","","","","Atlantic Sharpnose","Rhizoprionodon terraenovae","","",NA,NA,"","","","","N","",NA,NA,"","","","","","","","",NA,NA,""
"64","St74-St75","1908","   0","   0","   0","   0","   0","   0","   0","   0","   0","   0","   0","   0","   0","   0","   0","   0","   0","   0","   0","   0","   0","   0","   0","   0","   0","   0","   0","   0","   0","   0","   0","   0","   0","   0","   0","   0","   0","   0","   0","   0","   0","   0","   0","   0","   0","   0","   0","   0","   0","   0","   0","   0","Shark109","stomach","10/15/19","","","","","Atlantic Sharpnose","Rhizoprionodon terraenovae","","",NA,NA,"","","","","N","",NA,NA,"","","","","","","","",NA,NA,""
"65","St86-St87","2762","   0","   0","   0","   0","   0","   0","   0","   0","   0","   0","   0","   0","   0","   0","   0","   0","   0","   0","   0","   0","   0","   0","   0","   0","   0","   0"," 331","   0","   0","   0","   0","   0","   0","   0","   0","   0","   0","   0","   0","   0","   0","   0","   0","   0","   0","   0","   0","   0","   0","   0","   0","   0","Shark116","stomach","9/17/19","","","","","Atlantic Sharpnose","Rhizoprionodon terraenovae","","",NA,NA,"","","","","N","",NA,NA,"","","","","","","","",NA,NA,""
"66","St98-St99","    0","    0","    0","    0","    0","    0","12828","    0","    0","    0","    0","    0","    0","    0","    0","    0","    0","    0","    0","    0","    0","    0","    0","    0","    0","    0","    0","    0","    0","    0","    0","    0","    0","    0","    0","    0","    0","    0","    0","    0","    0","    0","    0","    0","    0","    0","    0","    0","    0","    0","    0","    0","    0","Shark122","stomach","10/15/19","","","","","Atlantic Sharpnose","Rhizoprionodon terraenovae","","",NA,NA,"","","","","N","",NA,NA,"","","","","","","","",NA,NA,""
"67","St41-St42","41165","    0","    0","    0","   10","    0","  428","    0","    0","    0","    0","    0","    0","    0","    0","    0","    0","    0","    0","    0","    0","    0","    0","    0","    0","    0","    0","    0","19104","    0","    0","    0","    0","    0","    0","    0","    0","    0","    0","    0","    0","    0","    0","    0","    0","    0","    0","    0","    0","    0","    0","    0","    0","Shark46","stomach","7/15/20","11:10","Middle Marsh","N 34.72045","W -76.594617","Atlantic Sharpnose","Rhizoprionodon terraenovae","F","N",309,383,"Y","Y","N","N","Y","Bottom Longline",32,29.8,"AS1","Died on longline, kept for dissection, open umbilical scar","Light","3/23/21","5:00 PM","","","",1.9,1392.3,""
"68","St88-St89","12927","    0","    0","    0","    0","    0","    0","    0","    0","    0","    0","    0","    0","    0","    0","    0","    0","    0","    0","    0","    0","    0","    0","    0","    0","    0","    0","    0","    1","    0","    0","    1","    0","    0","    0","    0","    0","    0","    0","    0","    0","    0","    0","    0","    0","    0","    0","    0","    0","    0","    0","    0","    0","Shark117","stomach","11/12/19","","","","","Atlantic Sharpnose","Rhizoprionodon terraenovae","","",NA,NA,"","","","","N","",NA,NA,"","","","","","","","",NA,NA,""
"69","St7-St8"," 7073","    0","    0","    0","    0","    0","    0","    0","    0","    0","    0","    0","    0","    0","    0","    0","    0","    0","    0","    0","    0","    0","    0","    0","    0","    1","    0","    0","    0","    0","    0","    0","22746","    0","    0","    0","    0","    0","    0","    0","    0","    0"," 1824","    0","    0","    0","    0","    0","    0","    0","    0","    0","    0","Shark82","stomach","8/18/20","13:30","Offshore","N 34.631703","W -76.639623","Atlantic Sharpnose","Rhizoprionodon terraenovae","M","J",705,864,"Y","Y","Y","Y","Y","Longline",NA,83.8,"AS7","Kept for stomach dissection","Medium","3/23/21","5:00 PM","","","",1.68,11.6,""
"70","St43-St44","    0","    0","    0","    0","    0","    0","    0","    0","34028","    0","    0","    0","    0","    0","    0","    0","    0","    0","    0","    0","    0","    0","    0","    0","    0","    0","    0","    0","    0","    0","    0","    1","    0","    0","    0","    0","    0","    0","    0","    0","    0","    0","    0","    0","    0","    0","    0","    0","    0","    0","    0","    0","    0","Shark61","stomach","7/27/20","12:24","Middle Marsh","N 34.715033","W -76.596167","Atlantic Sharpnose","Rhizoprionodon terraenovae","F","N",343,430,"Y","Y","N","N","Y","Gill Net",36,29.6,"AS1","Died in gill net, Kept for dissection, Closed umbilical scar","Light","3/23/21","5:00 PM","","","",1.91,926.6,""
"71","St78-St79","   0","   0","   0","   0","   0","   0","   1","   0","   0","   0","   0","   0","   0","   0","   0","   0","4607","   0","   0","   0","   0","   0","   0","   0","   0","   0","   0","   0","   0","   0","   0","   0","   0","   0","   0","   0","   0","   0","   0","   0","   0","   0","   0","   0","   0","   0","   0","   0","   0","   0","1466","   0","   0","Shark112","stomach","6/27/19","","","","","Atlantic Sharpnose","Rhizoprionodon terraenovae","","",NA,NA,"","","","","N","",NA,NA,"","","","","","","","",NA,NA,""
"72","St90-St91","0","0","0","0","0","0","0","0","0","0","0","0","0","0","0","0","0","0","0","0","0","0","0","0","0","0","0","0","0","0","1","0","0","0","0","0","0","0","0","0","0","0","0","0","0","0","0","0","0","0","0","0","0","Shark118","stomach","8/6/19","","","","","Atlantic Sharpnose","Rhizoprionodon terraenovae","","",NA,NA,"","","","","N","",NA,NA,"","","","","","","","",NA,NA,""
"73","St102-St103"," 1001","    0","    0","    0","    0","    0","    0","    0","    0","   15","    0","    0","    0","    0","    0","    0","    0","    0","    0","    0","    0","    0","    0","    0","    0","    0","    0","    0","    0","    0","    2","26232","    0","    0","    0","    0","    0","    0","    7","    0","    0","    0","    0","    0","   21","   24","    0","    0","    0","    0","    0","    0","    0","Shark124","stomach","8/20/19","","","","","Atlantic Sharpnose","Rhizoprionodon terraenovae","","",NA,NA,"","","","","N","",NA,NA,"","","","","","","","",NA,NA,""
"74","St45-St46","    0","    0","    0","    0","    0","    0","    0","    0","    0","    0","    0"," 2655"," 9605"," 2092","    0","    0","    0","    0","    0","    0","    0","    0","    0","    0","    0","    0","    0","    0","    0","    0","    0","    1","    0","    0","    0","    0","    0","    0","    0","81531","    0","    0","    0","    0","    0","    0","    0","    0","    0","    0","    0","    0","    0","Shark3","stomach","6/9/20","10:20","Offshore","N 34.55381","W -76.624512","Atlantic Sharpnose","Rhizoprionodon terraenovae","F","",771,933,"Y","Y","Y","","Y","Longline",NA,25.78,"AS11","Kept for stomach dissection","None","3/23/21","5:00 PM","N","","3/23/21",1.8,73.3,""
"75","St80-St81"," 2768","    0","    0","    0","    0","35545","    0","    0","    0","    0","    0","  979","    1","    0","    0","    0","    0","    0","    0","    0","    0","    0","    0","    0","    0","    0","    0","    0","    0","    0","    1","    1","    0","    0","    0","    0","    0","    0","    0","    0","    0","    0","    2","    0","    0","    0","    0","    0","    0","    0","    0","    0","    0","Shark113","stomach","6/25/19","","","","","Atlantic Sharpnose","Rhizoprionodon terraenovae","","",NA,NA,"","","","","N","",NA,NA,"","","","","","","","",NA,NA,""
"76","St92-St93","    0","    0","    0","    0","    0","    0","    0","    0","    0","    0","    0","    0","    0","    0","    0","    0","    0","    0","    0","    0","    0","    0","    0","    0","    0","    0","    0","    0","    0","    0","31355","    1","    0","    0","    1","    0","    0","    0","    0","    0","    0","    0","    0","    0","    0","    1","    0","    0","    0","    0","    0","    0","    0","Shark119","stomach","8/6/19","","","","","Atlantic Sharpnose","Rhizoprionodon terraenovae","","",NA,NA,"","","","","N","",NA,NA,"","","","","","","","",NA,NA,""
"77","St104-St105","    0","    0","    0","    0","    0","    0","  292","    0","    0","    0","    0"," 1334","    0","    0","    0","  159","    0","    0","    0","    0","    0","    0","   33","    0","    0","    0","    0","    0","    0","    0","    0","13027","    0","    0","    2","    0","    0","    0","    0","    0","    0","    0","30292","    0","    0","    0","    0","    0","    0","    0","    0","    0","    0","Shark125","stomach","6/27/19","","","","","Atlantic Sharpnose","Rhizoprionodon terraenovae","","",NA,NA,"","","","","N","",NA,NA,"","","","","","","","",NA,NA,""
"78","NC8","  14","   0","   0","   0","   0","   0","   0","   0","   0","   1","   0","   0","   0","   0","   0","   0","   0","4067","   0","   0","   0","   0","   0","   0","   0","   0","   0","   0","   0","   0","   0","3248","   0","   0","   0","   0","   0","   0","   0","   0","   0","   0","   0","   0","   0","   0","   0","   0","   0","   0","   0","   0","   0","Shark8","fecal","6/17/20","13:35","Back Sound","N 34.71755","W -76.605567","Blacktip","Carcharhinus limbatus","F","J",900,1200,"Y","Y","Y","Y","Y","Bottom Longline",29,22.3,"BT1","Kept for stomach dissection","None","3/23/21","5:00 PM","N","","3/23/21",1.99,37,""
"79","NC49","0","0","0","0","1","0","0","0","0","0","0","0","0","0","0","0","0","0","0","0","0","0","0","0","0","0","0","0","0","0","0","0","0","0","0","0","0","0","0","0","0","0","0","0","0","0","0","0","0","0","0","0","0","Shark49","fecal","7/20/20","15:00","Middle Marsh","N 34.719733","W -76.5948","Blacktip","Carcharhinus limbatus","F","J",902,1075,"N","N","Y","Y","Y","Bottom Longline",34,30.8,"BT1","Released","Medium with blood","3/19/21","6:45 PM","Y","3/21/21","3/22/21",1.93,608.6,""
"80","NC7","0","0","0","0","0","0","1","0","0","0","0","0","0","0","0","0","0","0","0","0","0","0","0","0","0","1","0","0","0","0","0","0","0","0","0","0","0","0","0","0","0","0","0","0","0","0","0","0","0","0","0","0","0","Shark7","fecal","6/9/20","11:30","Inshore","N 34.64503","W -76.627283","Blacktip","Carcharhinus limbatus","M","J",881,1120,"Y","Y","Y","","Y","Longline",NA,25.83,"BT1","Kept for stomach dissection","Light","3/23/21","5:00 PM","N","","3/23/21",1.97,53.1,""
"81","NC64","    0","    0","    0","    0","    0","21334","    0","    0","    0","    0","    0","    0","    0","    0","    0","    0","    0","    0","    0","    0","    0","    0","    0","    0","    0","    0","    0","    0","    0","    0","    0","   12","    0","    0","    0","    0","    0","    0","    0","    0","    0","    0","    0","    0","    0","    0","    0","    0","    0","    0","    0","    0","    0","Shark64","fecal","8/11/20","12:00","","N 34.719517","W -76.59415","Blacktip","Carcharhinus limbatus","F","J",931,1199,"N","N","Y","Y","Y","Bottom Longline",35,29.2,"BT1","Released","Light","3/19/21","6:45 PM","Y","3/21/21","3/22/21",2.53,33.3,""
"82","NC88","   1","   0","   0","   0","   0","9439","   0","   0","   0","   0","   0","   0","   0","   0","   0","   0","   0","   0","   0","   0","   0","   0","   0","   0","   0","   0","   0","   0","   0","   0","   0","   0","   0","   0","   0","   0","   0","   0","   0","   0","   0","   0","   0","   0","   0","   0","   0","   0","   0","   0","   0","   0","   0","Shark88","fecal","8/24/20","9:30","Middle Marsh","N 34.720483","W -76.595367","Blacktip","Carcharhinus limbatus","F","J",902,1143,"Y","Y","Y","Y","Y","Bottom Longline",33,27.7,"BT1","Kept for dissection","Medium","3/23/21","5:00 PM","","","",1.94,81.7,""
"83","NC36","    0","    0","    0","    0","    0","17660","    0","    0","    0","    0","    0","    0","    0","    0","    0","    0","    0","    0","    0","    0","    0","    0","    0","    0","    0","    0","    0","    0","    0","    0","    0","    0","    0","    1","    0","    0","    0","    0","    0","    0","    0","    0","    0","    0","    0","    0","    0","    0","    0","    0","    0","    0","    0","Shark36","fecal","7/10/20","10:45","Middle Marsh","N 34.717733","W -76.599933","Blacktip","Carcharhinus limbatus","F","J",980,1193,"Y","Y","Y","Y","Y","Gill Net",NA,NA,"BT1","Died in gill net, Kept for dissection","Full","3/23/21","5:00 PM","N","","3/23/21",1.88,448.4,""
"84","St72-St73","    0","    0","    0","    0","    0","    0"," 1592","    0","    0","    0","    0","    0","    0","    0","    0","    0","    0","    0","19421","    0","    0","    0","    0","    0","    1","    0","    0","    0","    0","    0","    0","    0","    0","    0","    0","    0","    0","    0","    0","    0","    0","    0","    0","    0","    0","    0","    0","    0","    0","    3","    0","    0","    0","Shark108","stomach","6/11/19","","","","","Blacktip","Carcharhinus limbatus","","",NA,NA,"","","","","N","",NA,NA,"","","","","","","","",NA,NA,""
"85","St3-St4","29832","    0","    0","    0","    0","    0","    0","    0","    0","    0","    0","    0","    0","    0","    0","    0","    0","    0","    0","    0","    0","    0","    0","    0","    0","    0","    0","    0","    0","    0","    0","    0","    0","    0","    0","    0","    0","    0","    0","    0","    0","    0","    0","    0","    0","    0","    0","    0","    0","    0","    0","    0","    0","Shark7","stomach","6/9/20","11:30","Inshore","N 34.64503","W -76.627283","Blacktip","Carcharhinus limbatus","M","J",881,1120,"Y","Y","Y","","Y","Longline",NA,25.83,"BT1","Kept for stomach dissection","Light","3/23/21","5:00 PM","N","","3/23/21",1.97,53.1,""
"86","St15-St16","    0","    0","    0","    0","    0","18259","    0","    0","    0","    0","    0","    0","    0","    0","    0","    0","    0","    0","    0","    0","    0","    0","    0","    0","    0","    0","    0","    0","    0","    0","    0","    0","    0","    0","    0","    0","    0","    0","    0","    0","    0","    0","    0","    0","    0","    0","    0","    0","    0","    0","    0","    0","    0","Shark36","stomach","7/10/20","10:45","Middle Marsh","N 34.717733","W -76.599933","Blacktip","Carcharhinus limbatus","F","J",980,1193,"Y","Y","Y","Y","Y","Gill Net",NA,NA,"BT1","Died in gill net, Kept for dissection","Full","3/23/21","5:00 PM","N","","3/23/21",1.88,448.4,""
"87","St5-St6","   0","   0","   0","   6","   0","   0","   0","   0","   0","   0","   0"," 132","   0","   0","   0","   0","   0","1707","   0","   0","   0","   0","   0","   0","   0","   0","   0","   0","   0","   0","   0","   0","   0","   0","   0","   0","   0","   0","   0","   0","   0","   0","   0","   0","   0","   0","   0","   0","   0","   0","   0","   0","   0","Shark8","stomach","6/17/20","13:35","Back Sound","N 34.71755","W -76.605567","Blacktip","Carcharhinus limbatus","F","J",900,1200,"Y","Y","Y","Y","Y","Bottom Longline",29,22.3,"BT1","Kept for stomach dissection","None","3/23/21","5:00 PM","N","","3/23/21",1.99,37,""
"88","St53-St54","12029","    0","    0","    0"," 1902","41206","  960","    0","    0","    0","    0","    0","    0","    0","    0","    0","    0","    0","    0","    0","    0","    0","    0","    0","    0","    0","    0","    0","    0","    0","    0","    0","    0","    0","    0","    0","    0","    0","    0","    0","    0","    0","    0","    0","    0","    0","    0","    0","    0","    0","    0","    0","    0","Shark88","stomach","8/24/20","9:30","Middle Marsh","N 34.720483","W -76.595367","Blacktip","Carcharhinus limbatus","F","J",902,1143,"Y","Y","Y","Y","Y","Bottom Longline",33,27.7,"BT1","Kept for dissection","Medium","3/23/21","5:00 PM","","","",1.94,81.7,""
"89","St76-St77","    0","    0","    0","    0","    0","20702","    0","    0","    0","    0","    0","    0","    0","    0","    0","    0","    0","    0","    0","    0","    0","    0","    0","    0","    0","    0","    0","    0","    0","    0","    0","    0","    0","    0","    0","    0","    0","    0","    0","    0","    0","    0","    0","    0","    0","    0","    0","    0","    0","   78","    0","    0","    0","Shark111","stomach","9/24/19","","","","","Blacktip","Carcharhinus limbatus","","",NA,NA,"","","","","N","",NA,NA,"","","","","","","","",NA,NA,""
"90","St33-St34","  0","  0","  0","  0","  0","  0","  0","  0","  0","  0","  0","  0","  2","  0","  0","  0","  0","  0","  0","  0","  0","  0","  0","  0","  0","  3","  0","  0","  0","  0","  0","172","  0","  0","  0","  0","  0","  0","  0","  0","  0"," 37","  0","  0","  0","  0","  0","  0","  0","  0","  0","  0","  0","Shark71","stomach","8/11/20","12:06","","N 34.714917","W -76.596133","Blacktip","Carcharhinus limbatus","F","J",934,1195,"Y","Y","Y","Y","Y","Gill Net",35,29.2,"BT2","Died in gill net, kept for dissection","Light","3/23/21","5:00 PM","","","",2.01,407.4,""
"91","NC33","  0","  0","  0","  0","  0","  0","  0","  0","  0","  0","  0","  0","  0","  0","  0","  0","  0","  0","  0","  0","  0","  0","  0","  0","  0","  0","  0","  0","  0","  0","  0"," 14","  0","  0","  0","195","  0","  0","  0","  0","  0","  0","  0","  0","  0","  0","  0","  0","  0","  0","  0","  0","  0","Shark33","fecal","7/10/20","8:30","Shackleford","N 34.6865","W -76.624517","Blacknose","Carcharhinus acronotus","M","A",943,1100,"N","N","Y","Y","Y","Bottom Longline",NA,NA,"BN2","Released","Medium kind of green","3/19/21","6:45 PM","Y","3/21/21","3/22/21",1.92,125.5,""
"92","NC41","   0","   0","   0","   0","   0","   0","   0","   0","   0","   0","   0","   0","   0","   0","   0","   0","   0","   0","   0","   0","   0","1434","   0","   0","   0","   0","   0","   0","   0","   0","   0","   0","   0","   0","   0","   0","   0","   0","   0","   0","   0","   0","   0","   0","   0","   0","   0","   0","   0","   0","   0","   0","   0","Shark41","fecal","7/15/20","10:47","Middle Marsh","N 34.72045","W -76.594617","Blacknose","Carcharhinus acronotus","M","",950,1042,"N","N","Y","Y","Y","Bottom Longline",32,29.8,"BN3","Released","Full","3/19/21","6:45 PM","Y","3/21/21","3/22/21",1.94,113.5,""
"93","NC57","  0","  0","  0","  0","  0","  0","  0","  0","  0","  0","  0","  0","  0","  0","  0","  0","  0","  0","  0","  0","  0","  0","  0","  0","  0","  0","  0","  0","  0","  0","  0","563","  0","  0","  0","  0","  0","  0","  0","  0","  0","  0","  0","  0","  0","  0","  0","  0","  0","  0","  0","  0","  0","Shark57","fecal","7/27/20","11:30","Shackleford","N 34.684833","W -76.603317","Blacknose","Carcharhinus acronotus","F","",859,1050,"N","N","N","Y","Y","Bottom Longline",36,29.6,"BN6","Released","Medium","3/19/21","6:45 PM","Y","3/21/21","3/22/21",1.97,81.6,""
"94","NC24","    0","    0","    0","    0","    0","15554","    0","    0","    0","    0","    0","    0","    0","    0","    0","    0","    0","    0","    0","  996","    0","    0","    0","    0","    0","    0","    0","    0","    0","    0","    0","  618","    0","    0","    0","14090","    0","    0","    0","    0","    0","    0","    0","    0","    0","    0","    0","    0","    0","    0","    0","    0","    0","Shark24","fecal","7/6/20","16:20","Shackleford","N 34.687267","W -76.626","Blacknose","Carcharhinus acronotus","M","S",750,950,"N","N","N","Y","Y","Bottom Longline",34,30.9,"BN1","Released, forgot measuring tape so lengths are estimations","","3/9/21","12:30 PM","N","","3/10/21",1.84,59.3,""
"95","NC32","   0","   0","   0","   0","   0","   0","   0","   0","   0","   3","   0","   0","   0","   0","   0","   0","   0","   0","   0","1082","   0","   0","   0","   0","   0","   0","   0","   0","   0","   0","   0","   0","   0","   0","   0","   0","   0","   0","   0","   0","   0","   0","   0","   0","   0","   0","   0","   0","   0","   0","   0","   0","   0","Shark32","fecal","7/10/20","8:30","Shackleford","N 34.6865","W -76.624517","Blacknose","Carcharhinus acronotus","M","A",990,1142,"N","N","N","Y","Y","Bottom Longline",NA,NA,"BN1","Released","Medium","3/19/21","6:45 PM","Y","3/21/21","3/22/21",1.8,25.7,"After step 2 some evaporated"
"96","NC40","0","0","0","0","0","6","0","0","0","0","0","0","0","0","0","0","0","0","0","1","0","0","0","0","0","0","0","0","0","0","0","0","0","0","0","0","0","0","0","0","0","0","0","0","0","0","0","0","0","0","0","0","0","Shark40","fecal","7/15/20","10:37","Middle Marsh","N 34.72045","W -76.594617","Blacknose","Carcharhinus acronotus","M","",989,1220,"N","N","Y","Y","Y","Bottom Longline",32,29.8,"BN2","Released","Light","3/19/21","6:45 PM","Y","3/21/21","3/22/21",2.02,113.6,""
"97","NC56","  0","  0","  0","  0","  0","  0","  0","  0","  0","  0","  0","  0","  0","  0","  0","  0","  0","  0","  0","  0","  0","  0","  0","  0","  0","  0","  0","  0","  0","  0","  0"," 19","  0","  2","  0","  0","  0","  0","  0","  0","  1","559","  0","  0","  0","  0","  0","  0","  0","  0","  0","  0","  0","Shark56","fecal","7/27/20","11:30","Shackleford","N 34.684833","W -76.603317","Blacknose","Carcharhinus acronotus","M","",899,1070,"N","N","Y","Y","Y","Bottom Longline",36,29.6,"BN5","Released","Full","3/19/21","6:45 PM","Y","3/21/21","3/22/21",1.99,119.1,""
"98","NC14","   0","   0","   0","   0","   0","   0","   0","   0","   0","   0","   0","   0","   0","   0","   0","   0","   0","   0","   0","5090","3545","   0","   0","   0","   0","   0","   0","   0","   0","   0","   0","   0","   0","   0","   0","   0","   0","   0","   0","   0","   0","   0","   0","   0","   0","   0","   0","   0","   0","   0","   0","   0","   0","Shark14","fecal","6/22/20","14:30","Shackleford","N 34.685083","W -76.622183","Blacknose","Carcharhinus acronotus","F","A",940,1079,"N","Y","Y","Y","Y","Bottom Longline",32,26.9,"BN4","Kept for stomach dissection","Full","3/23/21","5:00 PM","N","","3/23/21",1.92,189.4,"Added 100ul of h2o"
"99","NC39","0","0","0","0","0","0","0","0","0","0","0","0","0","0","0","0","0","0","0","0","0","0","0","0","0","0","0","0","0","0","0","2","0","0","0","0","0","0","0","1","0","0","0","0","0","0","0","0","0","0","0","0","0","Shark39","fecal","7/15/20","10:14","Middle Marsh","N 34.72045","W -76.594617","Blacknose","Carcharhinus acronotus","F","",950,1107,"N","N","Y","Y","Y","Bottom Longline",32,29.8,"BN1","Released","None","3/19/21","6:45 PM","Y","3/21/21","3/22/21",2.02,114.6,""
"100","NC55","1109","   0","   0","   0","   0","   0","   0","   0","   0","   0","   0","   0","   0","   0","   0","   0","   0","   0","   0","   0","   0","   0","   0","   0","   0","   0","   0","   0","   0","   0","   0","   0","   0","   0","   0","   0","   0","   0","   0","   0","   0","   0","   0","   0","   0","   0","   0","   0","   0","   0","   0","   0","   0","Shark55","fecal","7/27/20","11:30","Shackleford","N 34.684833","W -76.603317","Blacknose","Carcharhinus acronotus","M","",938,1200,"N","N","Y","Y","Y","Bottom Longline",36,29.6,"BN4","Released","Medium","3/19/21","6:45 PM","Y","3/21/21","3/22/21",1.93,110.2,""
"101","NC87","11758","    0","    0","    0"," 2783","    0","    0","    0","    0","    0","    0","    0","    0","    0","    0","    0","    0","    0","    0","    0","    0","    0","    0","    0","    0","    0","    0","    0","    0","    0","    0","    0","    0","    0","    0","    0","    0","    0","    0","    0","    0","    0","    0","    0","    0","    0","    0","    0","    0","    0","    0","    0","    0","Shark87","fecal","8/24/20","9:30","Middle Marsh","N 34.720483","W -76.595367","Blacknose","Carcharhinus acronotus","F","",970,1193,"Y","Y","Y","Y","Y","Bottom Longline",33,27.7,"BN4","Kept for dissection","Medium","3/23/21","5:00 PM","","","",1.96,77,""
"102","NC5","0","0","0","0","0","0","0","0","0","0","0","0","0","0","0","0","0","0","0","0","0","0","0","0","0","0","0","0","0","0","0","1","0","0","0","0","0","0","0","0","0","0","0","0","0","0","0","0","0","0","0","0","0","Shark5","fecal","6/9/20","11:30","Inshore","N 34.64503","W -76.627283","Blacknose","Carcharhinus acronotus","M","",987,1056,"Y","Y","Y","","Y","Longline",NA,25.83,"BN1","Kept for stomach dissection","None","3/23/21","5:00 PM","N","","3/23/21",1.95,217.6,""
"103","NC22","0","0","0","0","0","0","0","0","0","0","0","0","0","0","0","0","0","0","0","0","0","0","0","0","0","1","0","0","0","0","0","0","0","0","0","0","0","0","0","0","0","0","0","0","0","0","0","0","0","0","0","0","0","Shark22","fecal","6/30/20","12:30","Shackleford","N 34.687392","W -76.62447","Blacknose","Carcharhinus acronotus","F","A",1105,1221,"N","N","N","Y","Y","Bottom Longline",33,26.5,"BN6","Released","","3/9/21","12:30 PM","N","","3/10/21",1.95,655.7,""
"104","NC54","   1","   0","   0","   0","   0","   0","   0","   0","   0","   0","   0","   0","   0","   0","   0","   0","   0","   0","   0","   0","   0","   0","   0","   0","   0","   0","   0","   0","   0","   0","   0","2668","   0","   0","   0","   0","   0","   0","   0","   0","   0","   0","   0","   0","   0","   0","   0","   0","   0","   0","   0","   0","   0","Shark54","fecal","7/27/20","11:30","Shackleford","N 34.684833","W -76.603317","Blacknose","Carcharhinus acronotus","M","",956,1100,"N","N","Y","Y","Y","Bottom Longline",36,29.6,"BN3","Released","None","3/19/21","6:45 PM","Y","3/21/21","3/22/21",2.02,238.6,""
"105","NC86","19861","    0","    0","    0"," 1722","    0","    0","    0"," 2259","    0","    0","    0","    0","    0","    0","    0","    0","    0","    0","    0","    0","    0","    0"," 1530","    0","    0","    0","    0","    0","    0","    0","    0","    0","    0","    0","    0","    0","    0","    0","    0","    0","    0","    0","    0","    0","    0","    0","    0","    0","    0","    0","    0","    0","Shark86","fecal","8/24/20","9:30","Middle Marsh","N 34.720483","W -76.595367","Blacknose","Carcharhinus acronotus","F","",861,1054,"Y","Y","Y","Y","Y","Bottom Longline",33,27.7,"BN3","Kept for dissection, some of the stomach contents spilled out","Medium","3/23/21","5:00 PM","","","",1.9,26.2,""
"106","NC12","   3","   0","   0","   0","   0","2590"," 780","   0","   0","   5","   0","   0","   0","   0","   0","   0","   0","   0","   0","1955","   0","   0","   0","   0","   0","   0","   0","   0","   0","   0","   0","   1","   0"," 682","   0","   0","   0","   0","   0","   0","   0","   0","   0","   0","   0","   0","   0","   0","   0","   0","   0","   0","   0","Shark12","fecal","6/22/20","14:30","Shackleford","N 34.685083","W -76.622183","Blacknose","Carcharhinus acronotus","M","A",1152,1322,"N","Y","Y","Y","Y","Bottom Longline",32,26.9,"BN2","Kept for stomach dissection","Light","3/19/21","6:45 PM","Y","3/21/21","3/22/21",1.86,34.2,""
"107","NC21","   0","   0","   0","   0","   0","   0","   0","   0","   0","   3","   0","   0","   0","   0","   0","   0","   0","   0","   0","1428","   0","   0","   0","   0","   0","   0","   0","   0","   0","   0","   0","1735","   0","   0","   0","   0","   0","   0","   0","   0","   0","   0","   0","   0","   0","   0","   0","   0","   0","   0","   0","   0","   0","Shark21","fecal","6/30/20","12:30","Shackleford","N 34.687392","W -76.62447","Blacknose","Carcharhinus acronotus","F","A",1100,1220,"N","N","N","Y","Y","Bottom Longline",33,26.5,"BN5","Released","","2/23/21","3:11 PM","Y","2/24/21","2/26/21",1.93,28.5,"Added AE buffer at step 11 instead of step 16 so there is probably no DNA"
"108","NC53","0","0","0","0","0","0","0","0","0","0","0","0","0","0","0","0","0","0","0","0","0","0","0","0","0","0","0","0","0","0","0","1","0","0","0","0","0","0","0","0","0","0","0","0","0","0","0","0","0","0","0","0","0","Shark53","fecal","7/27/20","10:02","Middle Marsh","N 34.723017","W -76.594667","Blacknose","Carcharhinus acronotus","F","",868,1070,"N","N","Y","Y","Y","Bottom Longline",36,29.6,"BN2","Released","None","3/19/21","6:45 PM","Y","3/21/21","3/22/21",2.02,122.8,""
"109","NC85"," 0"," 0"," 0"," 0"," 1"," 0"," 0"," 0"," 0"," 0"," 0"," 0"," 0"," 0"," 0"," 0"," 0"," 0"," 0"," 0"," 0"," 0"," 0"," 0"," 0"," 0"," 0"," 0"," 0"," 0"," 0","10"," 0"," 0"," 0"," 0"," 0"," 0"," 0"," 0"," 0"," 0"," 0"," 0"," 0"," 0"," 0"," 0"," 0"," 0"," 0"," 0"," 0","Shark85","fecal","8/24/20","9:30","Middle Marsh","N 34.720483","W -76.595367","Blacknose","Carcharhinus acronotus","M","",1019,1254,"Y","Y","Y","Y","Y","Bottom Longline",33,27.7,"BN2","Kept for dissection","Light","3/23/21","5:00 PM","","","",1.96,52.6,""
"110","NC20","0","0","0","0","0","0","0","0","0","0","0","0","0","0","0","0","0","0","0","0","0","0","0","0","0","0","0","0","0","0","0","0","0","3","0","0","0","0","0","0","0","0","0","0","0","0","0","0","0","0","0","0","0","Shark20","fecal","6/30/20","12:30","Shackleford","N 34.687392","W -76.62447","Blacknose","Carcharhinus acronotus","F","A",1080,1270,"N","N","Y","Y","Y","Bottom Longline",33,26.5,"BN4","Released","None","3/19/21","6:45 PM","Y","3/21/21","3/22/21",1.85,72.1,""
"111","NC19"," 0"," 0"," 0"," 0"," 0"," 0"," 0"," 0"," 0"," 0"," 0"," 0"," 0"," 0"," 0"," 0"," 0"," 0"," 0"," 0"," 0"," 0"," 0"," 0"," 0"," 0"," 0"," 0"," 0"," 0"," 0"," 1"," 0"," 0"," 0"," 0","10"," 0"," 0"," 0"," 0"," 0"," 0"," 0"," 0"," 0"," 0"," 0"," 0"," 0"," 0"," 0"," 0","Shark19","fecal","6/30/20","12:30","Shackleford","N 34.687392","W -76.62447","Blacknose","Carcharhinus acronotus","F","A",1125,1349,"N","N","Y","Y","Y","Bottom Longline",33,26.5,"BN3","Released","Light","3/19/21","6:45 PM","Y","3/21/21","3/22/21",1.91,170.1,""
"112","NC51","    0","    0","    0","    0","    0","    0","    0","    0","    0","    0","    0"," 6096","    0","    0","    0","    0","    0","    0","    0","    0","    0","    0","    0","    0","    0","10806","    0","    0","    0","    0","    0"," 4577","    0","    0","    0","    0","    0","    0","    0","    0","    0","    0","    0","    0","    0","    0","    0","    0","    0","    0","    0","    0","    0","Shark51","fecal","7/27/20","8:20","Middle Marsh","N 34.718133","W -76.59445","Blacknose","Carcharhinus acronotus","M","",946,1140,"N","N","Y","Y","Y","Bottom Longline",36,29.6,"BN1","Released","Medium","3/19/21","6:45 PM","Y","3/21/21","3/22/21",1.96,176,""
"113","NC75","0","0","0","0","0","0","0","0","0","0","0","0","0","0","0","0","0","0","0","0","0","0","0","0","0","0","0","0","0","0","0","2","0","0","0","0","0","0","0","0","0","0","0","0","0","0","0","0","0","0","0","0","0","Shark75","fecal","8/17/20","13:00","","N 34.719117","W -76.594683","Blacknose","Carcharhinus acronotus","F","A",1107,NA,"","","N","","Y","",31,28.3,"BN1","Control sample from NC74","None","3/23/21","5:00 PM","","","",1.87,34.4,"Added 100ul of h2o"
"114","NC9","0","0","0","0","0","0","0","0","0","0","0","0","0","0","0","0","0","0","0","0","0","0","1","0","0","0","0","0","0","0","0","0","0","0","1","0","0","0","0","0","0","0","0","0","0","0","0","0","0","0","0","0","0","Shark9","fecal","6/22/20","14:30","Shackleford","N 34.685083","W -76.622183","Blacknose","Carcharhinus acronotus","M","",NA,NA,"N","N","Y","N","Y","Bottom Longline",32,26.9,"BN5","Released","None","3/19/21","6:45 PM","Y","3/21/21","3/22/21",1.95,296.9,"After step 2 some evaporated"
"115","NC18","33496","    0","    0","    0","    0","    1","    0","    0","    0","    0","    0","    0","    0","    0","    0","    0","    0","    0","    0","  735","    0","    0"," 2247","    0","    0","    0","    0","    0","    0","    0","    0","    0","    0","    0","    0","    0","    0","    0","    0","    0","    0","    0","    0","    0","    0","    0","    0","    0","    0","    0","    0","    0","    0","Shark18","fecal","6/30/20","12:30","Shackleford","N 34.687392","W -76.62447","Blacknose","Carcharhinus acronotus","M","S",959,1182,"N","N","Y","Y","Y","Bottom Longline",33,26.5,"BN2","Released","Full","3/19/21","6:45 PM","Y","3/21/21","3/22/21",1.99,101.9,""
"116","NC26","3","0","0","0","0","0","0","0","0","0","0","0","0","0","0","0","0","0","0","0","0","0","0","0","0","0","0","0","0","0","0","0","0","0","0","0","0","0","0","0","0","0","0","0","0","0","0","0","0","0","0","0","0","Shark26","fecal","7/6/20","16:20","Shackleford","N 34.687267","W -76.626","Blacknose","Carcharhinus acronotus","F","A",850,1010,"N","N","N","Y","Y","Bottom Longline",34,30.9,"BN3","Released, forgot measuring tape so lengths are estimations","","3/9/21","12:30 PM","N","","3/10/21",1.94,154.9,""
"117","NC42","0","0","0","0","0","0","0","0","0","0","0","0","0","0","0","0","0","0","0","0","0","0","0","0","1","0","0","0","0","0","0","0","0","0","0","0","0","0","0","0","0","0","0","0","0","0","0","0","0","0","0","0","0","Shark42","fecal","7/15/20","11:02","Middle Marsh","N 34.72045","W -76.594617","Blacknose","Carcharhinus acronotus","F","",960,1059,"N","N","Y","Y","Y","Bottom Longline",32,29.8,"BN4","Released","None","3/19/21","6:45 PM","Y","3/21/21","3/22/21",2,242.3,""
"118","NC58","    0","    0","    0","    0","    0","    0","    0","    0","    0","    0","    0","    0","    0","    0","    0","    0","    0","    0","    0","    0","    0","    0","    0","    0","11567","    0","    0","    0","    0","    0","    0","    0","    0","    0","    0","    0","    0","    0","    0","    0","    0","    0","    0","    0","    0","    0","    0","    0","    0","    0","    0","    0","    0","Shark58","fecal","7/27/20","11:30","Shackleford","N 34.684833","W -76.603317","Blacknose","Carcharhinus acronotus","F","",864,1030,"N","N","N","Y","Y","Bottom Longline",36,29.6,"BN7","Released","Medium","3/19/21","6:45 PM","Y","3/21/21","3/22/21",1.89,107.8,""
"119","NC90","  0","  0","  0","  0","  0","  0","  0","  0","  0","  0","  0","  0","  0","  0","  0","  0","  0","  0","  0","  0","  0","  0","  0","  0","  0","  0","  0","  0","  0","  0","  0","737","  0","  0","  0","  0","  0","  0","  0","  0","  0","  0","  0","  0","  0","  0","  0","  0","  0","  0","  0","  0","  0","Shark90","fecal","8/25/20","8:34","","N 34.71945","W -76.594833","Blacknose","Carcharhinus acronotus","M","",961,1051,"N","N","Y","Y","Y","Bottom Longline",NA,NA,"BN1","Released","Light","3/19/21","6:45 PM","Y","3/21/21","3/22/21",1.91,63.2,""
"120","St71-St108","13184","    0","    0","    0"," 7624","    0","  944","    0","    0","    0","    0","    0","    0","    0","    0","    0","    0","    0","    0","    0","    0","    0","    0","    0","    0","    1","    0","    0","    0","    0","    0","    1","    0","    1","    0","    0","   10","    0","    0","   13","    0","    0","    0","    0","    8","    0","    0","    0","    0","    0","    5","    0","    0","Shark107","stomach","6/11/19","","","","","Blacknose","Carcharhinus acronotus","","",NA,NA,"","","","","N","",NA,NA,"","","","","","","","",NA,NA,""
"121","NC99","0","0","0","0","0","0","0","0","0","0","0","0","0","0","0","0","0","0","0","0","0","0","0","0","0","0","0","0","0","0","0","0","0","0","0","0","0","0","0","0","0","0","0","0","0","1","0","0","0","0","0","0","0","Shark99","fecal","8/31/20","15:30","","N 34.716467","W -76.607183","Blacknose","Carcharhinus acronotus","F","",1147,1353,"N","N","Y","Y","Y","Bottom Longline",NA,NA,"BN1","Released","None","3/23/21","5:00 PM","","","",1.91,27.8,""
"122","St38","13040","    0","    0","    0"," 3705","    0","    0","    0","    0","    0","    0","    0","    0","    0","    0","    0","    0","    0","    0","    0","    0","    0","    0","    0","    0","    0","    0","    0","    0","    0","    0","  159","    0","    0","    0"," 3035","    0","    0","    0","    0","    0","    0","    0","    0","    0","    0","    0","    0","    0","    0","    0","    0","    0","Shark87","stomach","8/24/20","9:30","Middle Marsh","N 34.720483","W -76.595367","Blacknose","Carcharhinus acronotus","F","",970,1193,"Y","Y","Y","Y","Y","Bottom Longline",33,27.7,"BN4","Kept for dissection","Medium","3/23/21","5:00 PM","","","",1.96,77,""
"123","St96-St97","  2","905","  0","  0","  1","  0","  0","  0","  0","  0","  0","  0","  0","  0","  0","  0","  0","  0","  0","  0","  0","  0","  0","  0","  0","  0","  0","  0","  0","  0","  0","  0","  0","  1","  0","  0","  0","  0","  0","  0","  0","  0","  0","  0","  0","  0","  0","  0","  0","  0","  0","  0","  0","Shark121","stomach","8/29/19","","","","","Blacknose","Carcharhinus acronotus","","",NA,NA,"","","","","N","",NA,NA,"","","","","","","","",NA,NA,""
"124","St39-St40","  3","  0","  0","  0","  0","  0","  0","  0","  0","  0","  0","  0","  0","179","  0","  0","  0","  0","  0","  0","  0","  0","  0","  0","  0","  0","  0","  0","  0","  0","  0","  0","  0","  0","  0","  0","  0","  0","  0","  1","  0","  0","  0","  0","  0","  0","  0","  0","  0","  0","  0","  0","  0","Shark5","stomach","6/9/20","11:30","Inshore","N 34.64503","W -76.627283","Blacknose","Carcharhinus acronotus","M","",987,1056,"Y","Y","Y","","Y","Longline",NA,25.83,"BN1","Kept for stomach dissection","None","3/23/21","5:00 PM","N","","3/23/21",1.95,217.6,""
"125","St51-St52","22407","    0","    0","    0"," 3498","    0","    0","    0","    3","    0","    0","    0","    0","    0","    0","    0","    0","    0","    0","    0","    0","    0","    0"," 2863","    0","    0","    0","    0","    0","    0","    0","   20","    0","    0","    0","  476","    0","    0","    0","    0","    0","    0","    0","    0","    0","    3","    0","    0","    0","    0","    0","    0","    0","Shark86","stomach","8/24/20","9:30","Middle Marsh","N 34.720483","W -76.595367","Blacknose","Carcharhinus acronotus","F","",861,1054,"Y","Y","Y","Y","Y","Bottom Longline",33,27.7,"BN3","Kept for dissection, some of the stomach contents spilled out","Medium","3/23/21","5:00 PM","","","",1.9,26.2,""
"126","NC27","  0","  0","  0","  0","  0","  0","  0","  0","  0","  0","  0","  0","  0","  0","  0","  0","  0","  0","  0","  0","  0","  0","  0","  0","  0","  0","  0","  0","  0","  0","  0","  1","  0","  0","  0","  0","  0","  0","295","  0","  0","  0","  0","  0","  0","  0","  0","  0","  0","  0","  0","  0","  0","Shark27","fecal","7/6/20","17:17:00","Marsh","N 34.71745","W -76.59845","Blacknose","Carcharhinus acronotus","M","N",415,521,"N","Y","N","Y","Y","Gill Net",34,30.9,"BN4","Died in gill net, Kept for dissection, partially open umbilical scar","Medium","3/19/21","18:45:00","Y","3/21/21","3/22/21",1.83,13.3,"After step 2 most all evaporated"
"127","NC44","    0","    0","    0","    0","    0","    0","    0","    0","    0","    0","    0","    0","    0","    0","    0","    0","    0","    0","    0","    0","    0","    0","    0","    0","    0"," 1228","    0","    0","    0","    0","    0"," 2518","    0","22920","    0","    0","    0","    0","    0","   20","    0","    0","    0","    0","    0","    0","    0","    0","    0","    0","    0","    0","    0","Shark44","fecal","7/15/20","12:00:00","Middle Marsh","N 34.717967","W -76.599833","Bonnethead","Sphyrna tiburo","F",NA,771,975,"N","N","N","Y","Y","Gill Net",32,29.8,"BH4","Released","Full and dark","3/19/21","18:45:00","Y","3/21/21","3/22/21",2.06,33,"After step 2 most all evaporated"
"128","NC63","0","0","0","0","0","0","0","0","0","0","0","0","0","0","0","0","0","0","0","0","0","0","0","0","0","0","0","0","0","0","0","0","0","1","0","0","0","0","0","0","0","0","0","0","0","0","0","0","0","0","0","0","0","Shark63","fecal","8/7/20","16:35:00","Shackleford","N 34.686483","W -76.602317","Atlantic Sharpnose","Rhizoprionodon terraenovae","F","N",398,499,"Y","Y","N","N","Y","Bottom Longline",36,30.1,"AS1","Died on longline, kept for dissection, forgot to wipe cloacha with ethanol",NA,"2/23/21","15:11:00","Y","2/24/21","2/26/21",1.63,15,"Added AE buffer at step 11 instead of step 16 so there is probably no DNA"
"129","NC84","0","0","0","0","0","0","0","0","0","0","0","0","0","0","0","0","0","0","0","0","0","0","0","0","0","0","0","0","0","0","0","0","0","1","0","0","0","0","0","0","0","0","0","0","0","0","0","0","0","0","0","0","0","Shark84","fecal","8/24/20","09:30:00","Middle Marsh","N 34.720483","W -76.595367","Blacknose","Carcharhinus acronotus","F",NA,1087,1305,"N","N","Y","Y","Y","Bottom Longline",33,27.7,"BN1","Released","None","3/19/21","18:45:00","Y","3/21/21","3/22/21",4.07,5.5,"After step 2 some evaporated"
"130","NC94","1779","   0","   0","   0","   0","   0","   0","   0","   0","   0","   0","   0","   0","   0","   0","   0","   0","   0","   0","   0","   0","   0","   0","   0","   0","   4","   0","   0","   0","   0","   0","1116","   0","   0","   0","   0","   0","   0","   0","   0","   0","   0","   0","   0","   0","   0","   0","   0","   0","   0","   0","   0","   0","Shark94","fecal","8/25/20","12:27","","N 34.717867","W -76.599967","Bonnethead","Sphyrna tiburo","F","",765,960,"Y","Y","Y","Y","Y","Gill Net",NA,NA,"BH3","Died in gill net, kept for dissection","Light","3/23/21","5:00 PM","","","",1.55,8.4,""
"131","NC96","    0","    0","    0","    0","    0","    0","    0","    0","    0","    0","    0","    0","    0","    0","    0","    0","    0","    0","    0","    0","    0","    0","    0","    0","    0","21536","    0","    0","    0","    0","    0","    0","    0","    0","    0","    0","    0","    0","    0","    0","    0","    0","    0","    0","    0","    0","    0","    0","    0","    0","    0","    0","    0","Shark96","fecal","8/25/20","12:27","","N 34.717867","W -76.599967","Bonnethead","Sphyrna tiburo","F","",842,1034,"Y","Y","Y","Y","Y","Gill Net",NA,NA,"BH5","Died in gill net, kept for dissection","Full","3/23/21","5:00 PM","","","",2.35,84.8,""
"132","St49-St50","    0","    0","    0","    0","    0","    0","    0","    0","    0","    0","    0","    0","    0","    0","    0","    0","    0","    0","    0","    0","    0","    0","    0","    0","    0","    0","    0","    0","    0","    0","    0","73382","    0","    0","    0","    0","    0","    0","    0","    0","    0","    0","    0","    0","    0","    0","    0","    0","    0","    0","    0","    0","    0","Shark85","stomach","8/24/20","9:30","Middle Marsh","N 34.720483","W -76.595367","Blacknose","Carcharhinus acronotus","M","",1019,1254,"Y","Y","Y","Y","Y","Bottom Longline",33,27.7,"BN2","Kept for dissection","Light","3/23/21","5:00 PM","","","",1.96,52.6,""
"133","St59","    0","    0","    1","    0","    0","    0","    0","    0","    0","    0","    0","    0","    0","    0","    0","    0","    0","    0","    0","    0","    0","    0","    0","    0","    0","39187","    0","    0","    0","    0","    0","    0","    0","    0","    0","    0","    0","    0","    0","    0","    0","    0","    0","    0","    0","    0","    0","    0","    0","    0","    0","    0","    0","Shark103","stomach","6/26/20","","","","","Bonnethead","Sphyrna tiburo","","",NA,NA,"","","","","N","",NA,NA,"","","","","","","","",NA,NA,""
