"","plate_no","plate_col","plate_row","tag_fwd","tag_rev","primer_fwd","primer_rev","project","sample_id","material","type","control_type","nb_reads","nb_motus","low_contamination_level","seqdepth_ok","nb_reads_postmetabaR","nb_motus_postmetabaR","date_collected","species","Date Collected","Time of Capture","Site Name","Latitude (decimal degrees)","Longitude (decimal degrees)","Species (common name)","Species (scientific name)","Sex (male/female)","Age (neonate/juvenile/subadult/adult)","Fork Length (FL, mm.)","Stretched Total Length (STL, mm.)","Stomach Contents (Y/N)","Stable Isotopes (Y/N) (from Jeff; vert, muscle, liver)","Stable Isotope sequenced (Y/N)","Blood (Y/N)","Fecal Swab (Y/N)","Method of Capture","Salinity (ppt)","Water Temperature (C)","Fodrie Lab ID","Fishing Notes","Swab Appearence","Date Extraction Started","Time placed in incubator for Step 2","Placed in feezer after step 5? (Y/N)","If placed in freezer what date?","Date fully extracted","Purity","Concentration","DNA Extraction Notes"
"NC1",1,1,"H","CTCCTGAA","CTAGGTGA","GGGACGATAAGACCCTATA ","ATTACGCTGTTATCCCTAAAG ","NC_Sharks","Shark1","fecal","sample",NA,0,0,TRUE,TRUE,0,0,"6/9/20","Rhizoprionodon terraenovae","6/9/20","11:30","Inshore","N 34.64503","W -76.627283","Atlantic Sharpnose","Rhizoprionodon terraenovae","F","N",285,354,"Y","Y","N","","Y","Longline",NA,25.83,"AS20","Kept for stomach dissection, open umbilical scar","","2/23/21","3:11 PM","Y","2/24/21","2/26/21",1.93,291.4,"Added AE buffer at step 11 instead of step 16 so there is probably no DNA"
"NC10",1,2,"G","AGCCGTAA","ACGACTTG","GGGACGATAAGACCCTATA ","ATTACGCTGTTATCCCTAAAG ","NC_Sharks","Shark10","fecal","sample",NA,0,0,TRUE,TRUE,0,0,"6/22/20","Carcharhinus acronotus","6/22/20","14:30","Shackleford","N 34.685083","W -76.622183","Blacknose","Carcharhinus acronotus","M","",1100,1320,"N","N","Y","N","Y","Bottom Longline",32,26.9,"BN6","Released","None","3/19/21","6:45 PM","Y","3/21/21","3/22/21",1.91,47.3,""
"NC101",2,1,"D","GTGATCCA","CTAGGTGA","GGGACGATAAGACCCTATA ","ATTACGCTGTTATCCCTAAAG ","NC_Sharks","Shark101","fecal","sample",NA,0,0,TRUE,TRUE,0,0,"8/31/20","Sphyrna tiburo","8/31/20","15:30","","N 34.716467","W -76.607183","Bonnethead","Sphyrna tiburo","F","",790,998,"N","N","N","Y","Y","Bottom Longline",NA,NA,"BH2","Released","None","3/19/21","6:45 PM","Y","3/21/21","3/22/21",1.98,152.5,""
"NC102",2,1,"E","TTCGTACG","CTAGGTGA","GGGACGATAAGACCCTATA ","ATTACGCTGTTATCCCTAAAG ","NC_Sharks","Shark102","fecal","sample",NA,0,0,TRUE,TRUE,0,0,"8/31/20","Sphyrna tiburo","8/31/20","15:30","","N 34.716467","W -76.607183","Bonnethead","Sphyrna tiburo","F","",838,980,"N","N","Y","Y","Y","Bottom Longline",NA,NA,"BH3","Released","Light","3/23/21","5:00 PM","","","",1.94,135.9,""
"NC11",1,2,"F","GATACCTG","ACGACTTG","GGGACGATAAGACCCTATA ","ATTACGCTGTTATCCCTAAAG ","NC_Sharks","Shark11","fecal","sample",NA,0,0,TRUE,TRUE,0,0,"6/22/20","Carcharhinus acronotus","6/22/20","14:30","Shackleford","N 34.685083","W -76.622183","Blacknose","Carcharhinus acronotus","F","A",990,1103,"N","Y","Y","Y","Y","Bottom Longline",32,26.9,"BN1","Kept for stomach dissection","Medium","3/19/21","6:45 PM","Y","3/21/21","3/22/21",1.7,6.3,"After step 2 most all evaporated"
"NC12",1,2,"E","TGTTCCGT","ACGACTTG","GGGACGATAAGACCCTATA ","ATTACGCTGTTATCCCTAAAG ","NC_Sharks","Shark12","fecal","sample",NA,683,9,TRUE,TRUE,683,9,"6/22/20","Carcharhinus acronotus","6/22/20","14:30","Shackleford","N 34.685083","W -76.622183","Blacknose","Carcharhinus acronotus","M","A",1152,1322,"N","Y","Y","Y","Y","Bottom Longline",32,26.9,"BN2","Kept for stomach dissection","Light","3/19/21","6:45 PM","Y","3/21/21","3/22/21",1.86,34.2,""
"NC14",1,2,"C","ACAGAGGT","ACGACTTG","GGGACGATAAGACCCTATA ","ATTACGCTGTTATCCCTAAAG ","NC_Sharks","Shark14","fecal","sample",NA,0,0,TRUE,TRUE,0,0,"6/22/20","Carcharhinus acronotus","6/22/20","14:30","Shackleford","N 34.685083","W -76.622183","Blacknose","Carcharhinus acronotus","F","A",940,1079,"N","Y","Y","Y","Y","Bottom Longline",32,26.9,"BN4","Kept for stomach dissection","Full","3/23/21","5:00 PM","N","","3/23/21",1.92,189.4,"Added 100ul of h2o"
"NC16",1,2,"B","GCATAACG","ACGACTTG","GGGACGATAAGACCCTATA ","ATTACGCTGTTATCCCTAAAG ","NC_Sharks","Shark16","fecal","sample",NA,0,0,TRUE,TRUE,0,0,"6/22/20","Carcharhinus plumbeus","6/22/20","22:02","DMF Dock","N 34.722139","W -76.753220","Sandbar","Carcharhinus plumbeus","M","J",93,109,"N","N","N","N","Y","Fishing Rod from Dock",NA,NA,"","Released","","2/23/21","3:11 PM","Y","2/24/21","2/26/21",1.87,17.1,"Added AE buffer at step 11 instead of step 16 so there is probably no DNA"
"NC18",1,3,"H","CTCCTGAA","GCATACAG","GGGACGATAAGACCCTATA ","ATTACGCTGTTATCCCTAAAG ","NC_Sharks","Shark18","fecal","sample",NA,0,0,TRUE,TRUE,0,0,"6/30/20","Carcharhinus acronotus","6/30/20","12:30","Shackleford","N 34.687392","W -76.62447","Blacknose","Carcharhinus acronotus","M","S",959,1182,"N","N","Y","Y","Y","Bottom Longline",33,26.5,"BN2","Released","Full","3/19/21","6:45 PM","Y","3/21/21","3/22/21",1.99,101.9,""
"NC19",1,3,"G","AGCCGTAA","GCATACAG","GGGACGATAAGACCCTATA ","ATTACGCTGTTATCCCTAAAG ","NC_Sharks","Shark19","fecal","sample",NA,11,2,TRUE,TRUE,11,2,"6/30/20","Carcharhinus acronotus","6/30/20","12:30","Shackleford","N 34.687392","W -76.62447","Blacknose","Carcharhinus acronotus","F","A",1125,1349,"N","N","Y","Y","Y","Bottom Longline",33,26.5,"BN3","Released","Light","3/19/21","6:45 PM","Y","3/21/21","3/22/21",1.91,170.1,""
"NC2",1,1,"G","AGCCGTAA","CTAGGTGA","GGGACGATAAGACCCTATA ","ATTACGCTGTTATCCCTAAAG ","NC_Sharks","Shark2","fecal","sample",NA,0,0,TRUE,TRUE,0,0,"6/9/20","Rhizoprionodon terraenovae","6/9/20","10:20","Offshore","N 34.55381","W -76.624512","Atlantic Sharpnose","Rhizoprionodon terraenovae","M","",732,894,"Y","Y","Y","","Y","Longline",NA,25.78,"AS4","Kept for stomach dissection","None","3/23/21","5:00 PM","N","","3/23/21",1.79,19.9,""
"NC20",1,3,"F","GATACCTG","GCATACAG","GGGACGATAAGACCCTATA ","ATTACGCTGTTATCCCTAAAG ","NC_Sharks","Shark20","fecal","sample",NA,3,3,TRUE,TRUE,3,3,"6/30/20","Carcharhinus acronotus","6/30/20","12:30","Shackleford","N 34.687392","W -76.62447","Blacknose","Carcharhinus acronotus","F","A",1080,1270,"N","N","Y","Y","Y","Bottom Longline",33,26.5,"BN4","Released","None","3/19/21","6:45 PM","Y","3/21/21","3/22/21",1.85,72.1,""
"NC21",1,3,"E","TGTTCCGT","GCATACAG","GGGACGATAAGACCCTATA ","ATTACGCTGTTATCCCTAAAG ","NC_Sharks","Shark21","fecal","sample",NA,1735,1,TRUE,TRUE,1735,1,"6/30/20","Carcharhinus acronotus","6/30/20","12:30","Shackleford","N 34.687392","W -76.62447","Blacknose","Carcharhinus acronotus","F","A",1100,1220,"N","N","N","Y","Y","Bottom Longline",33,26.5,"BN5","Released","","2/23/21","3:11 PM","Y","2/24/21","2/26/21",1.93,28.5,"Added AE buffer at step 11 instead of step 16 so there is probably no DNA"
"NC22",1,3,"D","CCACTAAG","GCATACAG","GGGACGATAAGACCCTATA ","ATTACGCTGTTATCCCTAAAG ","NC_Sharks","Shark22","fecal","sample",NA,1,1,TRUE,TRUE,1,1,"6/30/20","Carcharhinus acronotus","6/30/20","12:30","Shackleford","N 34.687392","W -76.62447","Blacknose","Carcharhinus acronotus","F","A",1105,1221,"N","N","N","Y","Y","Bottom Longline",33,26.5,"BN6","Released","","3/9/21","12:30 PM","N","","3/10/21",1.95,655.7,""
"NC23",1,3,"C","ACAGAGGT","GCATACAG","GGGACGATAAGACCCTATA ","ATTACGCTGTTATCCCTAAAG ","NC_Sharks","Shark23","fecal","sample",NA,6599,10,TRUE,TRUE,6599,10,"6/30/20","Sphyrna tiburo","6/30/20","13:04","Middle Marsh","N 34.694550","W -76.60087","Bonnethead","Sphyrna tiburo","F","A",891,1071,"Y","Y","Y","Y","Y","Gill Net",33,26.5,"BH1","Died in gill net, Kept for stomach dissection, pregnant ","Light","3/23/21","5:00 PM","N","","3/23/21",1.88,756.6,""
"NC24",1,3,"B","GCATAACG","GCATACAG","GGGACGATAAGACCCTATA ","ATTACGCTGTTATCCCTAAAG ","NC_Sharks","Shark24","fecal","sample",NA,14708,9,TRUE,TRUE,14708,9,"7/6/20","Carcharhinus acronotus","7/6/20","16:20","Shackleford","N 34.687267","W -76.626","Blacknose","Carcharhinus acronotus","M","S",750,950,"N","N","N","Y","Y","Bottom Longline",34,30.9,"BN1","Released, forgot measuring tape so lengths are estimations","","3/9/21","12:30 PM","N","","3/10/21",1.84,59.3,""
"NC25",1,3,"A","GACACAGT","GCATACAG","GGGACGATAAGACCCTATA ","ATTACGCTGTTATCCCTAAAG ","NC_Sharks","Shark25","fecal","sample",NA,0,0,TRUE,TRUE,0,0,"7/6/20","Carcharhinus acronotus","7/6/20","16:20","Shackleford","N 34.687267","W -76.626","Blacknose","Carcharhinus acronotus","F","A",850,1010,"N","N","N","Y","Y","Bottom Longline",34,30.9,"BN2","Released, forgot measuring tape so lengths are estimations","","3/9/21","12:30 PM","N","","3/10/21",1.95,113.6,""
"NC26",1,4,"H","CTCCTGAA","TGCGAACT","GGGACGATAAGACCCTATA ","ATTACGCTGTTATCCCTAAAG ","NC_Sharks","Shark26","fecal","sample",NA,0,0,TRUE,TRUE,0,0,"7/6/20","Carcharhinus acronotus","7/6/20","16:20","Shackleford","N 34.687267","W -76.626","Blacknose","Carcharhinus acronotus","F","A",850,1010,"N","N","N","Y","Y","Bottom Longline",34,30.9,"BN3","Released, forgot measuring tape so lengths are estimations","","3/9/21","12:30 PM","N","","3/10/21",1.94,154.9,""
"NC27",1,4,"G","AGCCGTAA","TGCGAACT","GGGACGATAAGACCCTATA ","ATTACGCTGTTATCCCTAAAG ","NC_Sharks","Shark27","fecal","sample",NA,296,2,TRUE,TRUE,296,2,"7/6/20","Carcharhinus acronotus","7/6/20","17:17","Marsh","N 34.71745","W -76.59845","Blacknose","Carcharhinus acronotus","M","N",415,521,"N","Y","N","Y","Y","Gill Net",34,30.9,"BN4","Died in gill net, Kept for dissection, partially open umbilical scar","Medium","3/19/21","6:45 PM","Y","3/21/21","3/22/21",1.83,13.3,"After step 2 most all evaporated"
"NC28",1,4,"F","GATACCTG","TGCGAACT","GGGACGATAAGACCCTATA ","ATTACGCTGTTATCCCTAAAG ","NC_Sharks","Shark28","fecal","sample",NA,0,0,TRUE,TRUE,0,0,"7/7/20","Rhizoprionodon terraenovae","7/7/20","9:33","Inshore","N 34.63475","W -76.6328","Atlantic Sharpnose","Rhizoprionodon terraenovae","M","N",312,387,"Y","Y","N","N","Y","Longline",NA,NA,"AS1","Kept for dissesction, closed umbilical scar","","3/9/21","12:30 PM","N","","3/10/21",1.82,26.5,""
"NC29",1,4,"E","TGTTCCGT","TGCGAACT","GGGACGATAAGACCCTATA ","ATTACGCTGTTATCCCTAAAG ","NC_Sharks","Shark29","fecal","sample",NA,10,1,TRUE,TRUE,10,1,"7/7/20","Rhizoprionodon terraenovae","7/7/20","9:33","Inshore","N 34.63475","W -76.6328","Atlantic Sharpnose","Rhizoprionodon terraenovae","F","N",316,396,"Y","Y","N","N","Y","Longline",NA,NA,"AS2","Kept for dissesction, closed umbilical scar","","3/9/21","12:30 PM","N","","3/10/21",1.92,782.8,""
"NC3",1,1,"F","GATACCTG","CTAGGTGA","GGGACGATAAGACCCTATA ","ATTACGCTGTTATCCCTAAAG ","NC_Sharks","Shark3","fecal","sample",NA,0,0,TRUE,TRUE,0,0,"6/9/20","Rhizoprionodon terraenovae","6/9/20","10:20","Offshore","N 34.55381","W -76.624512","Atlantic Sharpnose","Rhizoprionodon terraenovae","F","",771,933,"Y","Y","Y","","Y","Longline",NA,25.78,"AS11","Kept for stomach dissection","None","3/23/21","5:00 PM","N","","3/23/21",1.8,73.3,""
"NC30",1,4,"D","CCACTAAG","TGCGAACT","GGGACGATAAGACCCTATA ","ATTACGCTGTTATCCCTAAAG ","NC_Sharks","Shark30","fecal","sample",NA,1,1,TRUE,TRUE,1,1,"7/7/20","Rhizoprionodon terraenovae","7/7/20","8:51","Inshore","N 34.6457","W -76.6735","Atlantic Sharpnose","Rhizoprionodon terraenovae","M","N",333,402,"N","Y","N","N","Y","Trawl",NA,NA,"AS3","Kept for dissesction, closed umbilical scar","","3/9/21","12:30 PM","N","","3/10/21",1.91,73.6,""
"NC31",1,4,"C","ACAGAGGT","TGCGAACT","GGGACGATAAGACCCTATA ","ATTACGCTGTTATCCCTAAAG ","NC_Sharks","Shark31","fecal","sample",NA,2,2,TRUE,TRUE,2,2,"7/7/20","Rhizoprionodon terraenovae","7/7/20","8:51","Inshore","N 34.6457","W -76.6735","Atlantic Sharpnose","Rhizoprionodon terraenovae","F","N",304,372,"N","Y","N","N","Y","Trawl",NA,NA,"AS4","Kept for dissesction, closed umbilical scar","","3/9/21","12:30 PM","N","","3/10/21",1.99,742.5,""
"NC32",1,4,"B","GCATAACG","TGCGAACT","GGGACGATAAGACCCTATA ","ATTACGCTGTTATCCCTAAAG ","NC_Sharks","Shark32","fecal","sample",NA,0,0,TRUE,TRUE,0,0,"7/10/20","Carcharhinus acronotus","7/10/20","8:30","Shackleford","N 34.6865","W -76.624517","Blacknose","Carcharhinus acronotus","M","A",990,1142,"N","N","N","Y","Y","Bottom Longline",NA,NA,"BN1","Released","Medium","3/19/21","6:45 PM","Y","3/21/21","3/22/21",1.8,25.7,"After step 2 some evaporated"
"NC33",1,4,"A","GACACAGT","TGCGAACT","GGGACGATAAGACCCTATA ","ATTACGCTGTTATCCCTAAAG ","NC_Sharks","Shark33","fecal","sample",NA,209,4,TRUE,TRUE,209,4,"7/10/20","Carcharhinus acronotus","7/10/20","8:30","Shackleford","N 34.6865","W -76.624517","Blacknose","Carcharhinus acronotus","M","A",943,1100,"N","N","Y","Y","Y","Bottom Longline",NA,NA,"BN2","Released","Medium kind of green","3/19/21","6:45 PM","Y","3/21/21","3/22/21",1.92,125.5,""
"NC34",1,5,"H","CTCCTGAA","TCTCCGAT","GGGACGATAAGACCCTATA ","ATTACGCTGTTATCCCTAAAG ","NC_Sharks","Shark34","fecal","sample",NA,0,0,TRUE,TRUE,0,0,"7/10/20","Sphyrna tiburo","7/10/20","7:25","Middle Marsh","N 34.725817","W -76.609483","Bonnethead","Sphyrna tiburo","F","",1040,1262,"N","N","N","Y","Y","Gill Net",NA,NA,"BH1","Released","Light with some blood","3/19/21","6:45:00 PM","Y","3/21/21","3/22/21",1.99,243.9,"After step 2 some evaporated"
"NC35",1,5,"G","AGCCGTAA","TCTCCGAT","GGGACGATAAGACCCTATA ","ATTACGCTGTTATCCCTAAAG ","NC_Sharks","Shark35","fecal","sample",NA,0,0,TRUE,TRUE,0,0,"7/10/20","Carcharhinus acronotus","7/10/20","11:35","Middle Marsh","N 34.719533","W -76.594917","Blacknose","Carcharhinus acronotus","F","A",970,1070,"N","N","N","Y","Y","Bottom Longline",NA,NA,"BN3","Released","None","3/19/21","6:45 PM","Y","3/21/21","3/22/21",1.67,12.5,"After step 2 most all evaporated"
"NC36",1,5,"F","GATACCTG","TCTCCGAT","GGGACGATAAGACCCTATA ","ATTACGCTGTTATCCCTAAAG ","NC_Sharks","Shark36","fecal","sample",NA,1,1,TRUE,TRUE,1,1,"7/10/20","Carcharhinus limbatus","7/10/20","10:45","Middle Marsh","N 34.717733","W -76.599933","Blacktip","Carcharhinus limbatus","F","J",980,1193,"Y","Y","Y","Y","Y","Gill Net",NA,NA,"BT1","Died in gill net, Kept for dissection","Full","3/23/21","5:00 PM","N","","3/23/21",1.88,448.4,""
"NC37",1,5,"E","TGTTCCGT","TCTCCGAT","GGGACGATAAGACCCTATA ","ATTACGCTGTTATCCCTAAAG ","NC_Sharks","Shark37","fecal","sample",NA,1098,2,TRUE,TRUE,1098,2,"7/10/20","Rhizoprionodon terraenovae","7/10/20","10:50","Middle Marsh","N 34.718767","W -76.612567","Atlantic Sharpnose","Rhizoprionodon terraenovae","F","N",333,393,"N","Y","N","N","Y","Gill Net",NA,NA,"AS1","Died in gill net, kept for dissection, closed umbilical scar","Light","3/19/21","6:45 PM","Y","3/21/21","3/22/21",1.91,959.5,"After step 2 some evaporated"
"NC38",1,5,"D","CCACTAAG","TCTCCGAT","GGGACGATAAGACCCTATA ","ATTACGCTGTTATCCCTAAAG ","NC_Sharks","Shark38","fecal","sample",NA,32387,16,TRUE,TRUE,32387,16,"7/10/20","Sphyrna tiburo","7/10/20","10:59","Middle Marsh","N 34.7192","W -76.612767","Bonnethead","Sphyrna tiburo","F","",780,949,"Y","Y","Y","Y","Y","Gill Net",NA,NA,"BH2","Died in gill net, Kept for dissection","Medium","3/23/21","5:00 PM","","","",1.83,31.2,""
"NC39",1,5,"C","ACAGAGGT","TCTCCGAT","GGGACGATAAGACCCTATA ","ATTACGCTGTTATCCCTAAAG ","NC_Sharks","Shark39","fecal","sample",NA,3,3,TRUE,TRUE,3,3,"7/15/20","Carcharhinus acronotus","7/15/20","10:14","Middle Marsh","N 34.72045","W -76.594617","Blacknose","Carcharhinus acronotus","F","",950,1107,"N","N","Y","Y","Y","Bottom Longline",32,29.8,"BN1","Released","None","3/19/21","6:45 PM","Y","3/21/21","3/22/21",2.02,114.6,""
"NC4",1,1,"E","TGTTCCGT","CTAGGTGA","GGGACGATAAGACCCTATA ","ATTACGCTGTTATCCCTAAAG ","NC_Sharks","Shark4","fecal","sample",NA,0,0,TRUE,TRUE,0,0,"6/9/20","Rhizoprionodon terraenovae","6/9/20","10:20","Offshore","N 34.55381","W -76.624512","Atlantic Sharpnose","Rhizoprionodon terraenovae","F","N",294,363,"Y","Y","N","","Y","Longline",NA,25.78,"AS1","Kept for stomach dissection, open umbilical scar","Light","3/19/21","6:45 PM","Y","3/21/21","3/22/21",1.72,39.3,"After step 2 most all evaporated"
"NC40",1,5,"B","GCATAACG","TCTCCGAT","GGGACGATAAGACCCTATA ","ATTACGCTGTTATCCCTAAAG ","NC_Sharks","Shark40","fecal","sample",NA,0,0,TRUE,TRUE,0,0,"7/15/20","Carcharhinus acronotus","7/15/20","10:37","Middle Marsh","N 34.72045","W -76.594617","Blacknose","Carcharhinus acronotus","M","",989,1220,"N","N","Y","Y","Y","Bottom Longline",32,29.8,"BN2","Released","Light","3/19/21","6:45 PM","Y","3/21/21","3/22/21",2.02,113.6,""
"NC41",1,5,"A","GACACAGT","TCTCCGAT","GGGACGATAAGACCCTATA ","ATTACGCTGTTATCCCTAAAG ","NC_Sharks","Shark41","fecal","sample",NA,0,0,TRUE,TRUE,0,0,"7/15/20","Carcharhinus acronotus","7/15/20","10:47","Middle Marsh","N 34.72045","W -76.594617","Blacknose","Carcharhinus acronotus","M","",950,1042,"N","N","Y","Y","Y","Bottom Longline",32,29.8,"BN3","Released","Full","3/19/21","6:45 PM","Y","3/21/21","3/22/21",1.94,113.5,""
"NC42",1,6,"H","CTCCTGAA","GAGGACTT","GGGACGATAAGACCCTATA ","ATTACGCTGTTATCCCTAAAG ","NC_Sharks","Shark42","fecal","sample",NA,0,0,TRUE,TRUE,0,0,"7/15/20","Carcharhinus acronotus","7/15/20","11:02","Middle Marsh","N 34.72045","W -76.594617","Blacknose","Carcharhinus acronotus","F","",960,1059,"N","N","Y","Y","Y","Bottom Longline",32,29.8,"BN4","Released","None","3/19/21","6:45 PM","Y","3/21/21","3/22/21",2,242.3,""
"NC43",1,6,"G","AGCCGTAA","GAGGACTT","GGGACGATAAGACCCTATA ","ATTACGCTGTTATCCCTAAAG ","NC_Sharks","Shark43","fecal","sample",NA,9,3,TRUE,TRUE,9,3,"7/15/20","Sphyrna tiburo","7/15/20","12:00","Middle Marsh","N 34.717967","W -76.599833","Bonnethead","Sphyrna tiburo","F","",765,982,"N","N","N","Y","Y","Gill Net",32,29.8,"BH3","Released","None","3/19/21","6:45 PM","Y","3/21/21","3/22/21",1.92,81.9,""
"NC44",1,6,"F","GATACCTG","GAGGACTT","GGGACGATAAGACCCTATA ","ATTACGCTGTTATCCCTAAAG ","NC_Sharks","Shark44","fecal","sample",NA,26686,52,TRUE,TRUE,26686,52,"7/15/20","Sphyrna tiburo","7/15/20","12:00","Middle Marsh","N 34.717967","W -76.599833","Bonnethead","Sphyrna tiburo","F","",771,975,"N","N","N","Y","Y","Gill Net",32,29.8,"BH4","Released","Full and dark","3/19/21","6:45 PM","Y","3/21/21","3/22/21",2.06,33,"After step 2 most all evaporated"
"NC46",1,6,"D","CCACTAAG","GAGGACTT","GGGACGATAAGACCCTATA ","ATTACGCTGTTATCCCTAAAG ","NC_Sharks","Shark46","fecal","sample",NA,0,0,TRUE,TRUE,0,0,"7/15/20","Rhizoprionodon terraenovae","7/15/20","11:10","Middle Marsh","N 34.72045","W -76.594617","Atlantic Sharpnose","Rhizoprionodon terraenovae","F","N",309,383,"Y","Y","N","N","Y","Bottom Longline",32,29.8,"AS1","Died on longline, kept for dissection, open umbilical scar","Light","3/23/21","5:00 PM","","","",1.9,1392.3,""
"NC47",1,6,"C","ACAGAGGT","GAGGACTT","GGGACGATAAGACCCTATA ","ATTACGCTGTTATCCCTAAAG ","NC_Sharks","Shark47","fecal","sample",NA,18548,30,TRUE,TRUE,18548,30,"7/15/20","Sphyrna tiburo","7/15/20","12:00","Middle Marsh","N 34.717533","W -76.598833","Bonnethead","Sphyrna tiburo","F","",821,1103,"Y","Y","Y","Y","Y","Gill Net",32,29.8,"BH2","Died in gill net, Kept for dissection","Medium","3/23/21","5:00 PM","","","",1.95,46.5,""
"NC48",1,6,"B","GCATAACG","GAGGACTT","GGGACGATAAGACCCTATA ","ATTACGCTGTTATCCCTAAAG ","NC_Sharks","Shark48","fecal","sample",NA,4369,10,TRUE,TRUE,4369,10,"7/15/20","Sphyrna tiburo","7/15/20","12:00","Middle Marsh","N 34.717533","W -76.598833","Bonnethead","Sphyrna tiburo","F","",741,932,"Y","Y","Y","Y","Y","Gill Net",32,29.8,"BH1","Died in gill net, Kept for dissection","Light","3/23/21","5:00 PM","","","",1.96,22.4,""
"NC49",1,6,"A","GACACAGT","GAGGACTT","GGGACGATAAGACCCTATA ","ATTACGCTGTTATCCCTAAAG ","NC_Sharks","Shark49","fecal","sample",NA,0,0,TRUE,TRUE,0,0,"7/20/20","Carcharhinus limbatus","7/20/20","15:00","Middle Marsh","N 34.719733","W -76.5948","Blacktip","Carcharhinus limbatus","F","J",902,1075,"N","N","Y","Y","Y","Bottom Longline",34,30.8,"BT1","Released","Medium with blood","3/19/21","6:45 PM","Y","3/21/21","3/22/21",1.93,608.6,""
"NC5",1,1,"D","CCACTAAG","CTAGGTGA","GGGACGATAAGACCCTATA ","ATTACGCTGTTATCCCTAAAG ","NC_Sharks","Shark5","fecal","sample",NA,1,1,TRUE,TRUE,1,1,"6/9/20","Carcharhinus acronotus","6/9/20","11:30","Inshore","N 34.64503","W -76.627283","Blacknose","Carcharhinus acronotus","M","",987,1056,"Y","Y","Y","","Y","Longline",NA,25.83,"BN1","Kept for stomach dissection","None","3/23/21","5:00 PM","N","","3/23/21",1.95,217.6,""
"NC50",1,7,"H","CTCCTGAA","ACCATCCA","GGGACGATAAGACCCTATA ","ATTACGCTGTTATCCCTAAAG ","NC_Sharks","Shark50","fecal","sample",NA,1,1,TRUE,TRUE,1,1,"7/21/20","Rhizoprionodon terraenovae","7/21/20","10:00","Inshore","N 34.638182","W -76.62213","Atlantic Sharpnose","Rhizoprionodon terraenovae","F","J",787,965,"N","N","N","Y","Y","Longline",NA,29.3,"AS1","Released, tag 3982, fin clip 314","None","3/19/21","6:45 PM","Y","3/21/21","3/22/21",1.81,8.2,"After step 2 most all evaporated"
"NC51",1,7,"G","AGCCGTAA","ACCATCCA","GGGACGATAAGACCCTATA ","ATTACGCTGTTATCCCTAAAG ","NC_Sharks","Shark51","fecal","sample",NA,15383,43,TRUE,TRUE,15383,43,"7/27/20","Carcharhinus acronotus","7/27/20","8:20","Middle Marsh","N 34.718133","W -76.59445","Blacknose","Carcharhinus acronotus","M","",946,1140,"N","N","Y","Y","Y","Bottom Longline",36,29.6,"BN1","Released","Medium","3/19/21","6:45 PM","Y","3/21/21","3/22/21",1.96,176,""
"NC52",1,7,"F","GATACCTG","ACCATCCA","GGGACGATAAGACCCTATA ","ATTACGCTGTTATCCCTAAAG ","NC_Sharks","Shark52","fecal","sample",NA,1,1,TRUE,TRUE,1,1,"7/27/20","Sphyrna tiburo","7/27/20","9:00","Middle Marsh","N 34.7178","W -76.60015","Bonnethead","Sphyrna tiburo","F","",810,1010,"Y","Y","Y","Y","Y","Gill Net",36,29.6,"BH1","Died in gill net, Kept for dissection","Light","3/23/21","5:00 PM","","","",1.95,130.3,""
"NC53",1,7,"E","TGTTCCGT","ACCATCCA","GGGACGATAAGACCCTATA ","ATTACGCTGTTATCCCTAAAG ","NC_Sharks","Shark53","fecal","sample",NA,1,1,TRUE,TRUE,1,1,"7/27/20","Carcharhinus acronotus","7/27/20","10:02","Middle Marsh","N 34.723017","W -76.594667","Blacknose","Carcharhinus acronotus","F","",868,1070,"N","N","Y","Y","Y","Bottom Longline",36,29.6,"BN2","Released","None","3/19/21","6:45 PM","Y","3/21/21","3/22/21",2.02,122.8,""
"NC54",1,7,"D","CCACTAAG","ACCATCCA","GGGACGATAAGACCCTATA ","ATTACGCTGTTATCCCTAAAG ","NC_Sharks","Shark54","fecal","sample",NA,2668,31,TRUE,TRUE,2668,31,"7/27/20","Carcharhinus acronotus","7/27/20","11:30","Shackleford","N 34.684833","W -76.603317","Blacknose","Carcharhinus acronotus","M","",956,1100,"N","N","Y","Y","Y","Bottom Longline",36,29.6,"BN3","Released","None","3/19/21","6:45 PM","Y","3/21/21","3/22/21",2.02,238.6,""
"NC55",1,7,"C","ACAGAGGT","ACCATCCA","GGGACGATAAGACCCTATA ","ATTACGCTGTTATCCCTAAAG ","NC_Sharks","Shark55","fecal","sample",NA,0,0,TRUE,TRUE,0,0,"7/27/20","Carcharhinus acronotus","7/27/20","11:30","Shackleford","N 34.684833","W -76.603317","Blacknose","Carcharhinus acronotus","M","",938,1200,"N","N","Y","Y","Y","Bottom Longline",36,29.6,"BN4","Released","Medium","3/19/21","6:45 PM","Y","3/21/21","3/22/21",1.93,110.2,""
"NC56",1,7,"B","GCATAACG","ACCATCCA","GGGACGATAAGACCCTATA ","ATTACGCTGTTATCCCTAAAG ","NC_Sharks","Shark56","fecal","sample",NA,581,12,TRUE,TRUE,581,12,"7/27/20","Carcharhinus acronotus","7/27/20","11:30","Shackleford","N 34.684833","W -76.603317","Blacknose","Carcharhinus acronotus","M","",899,1070,"N","N","Y","Y","Y","Bottom Longline",36,29.6,"BN5","Released","Full","3/19/21","6:45 PM","Y","3/21/21","3/22/21",1.99,119.1,""
"NC57",1,7,"A","GACACAGT","ACCATCCA","GGGACGATAAGACCCTATA ","ATTACGCTGTTATCCCTAAAG ","NC_Sharks","Shark57","fecal","sample",NA,563,16,TRUE,TRUE,563,16,"7/27/20","Carcharhinus acronotus","7/27/20","11:30","Shackleford","N 34.684833","W -76.603317","Blacknose","Carcharhinus acronotus","F","",859,1050,"N","N","N","Y","Y","Bottom Longline",36,29.6,"BN6","Released","Medium","3/19/21","6:45 PM","Y","3/21/21","3/22/21",1.97,81.6,""
"NC58",1,8,"H","CTCCTGAA","CAACACCT","GGGACGATAAGACCCTATA ","ATTACGCTGTTATCCCTAAAG ","NC_Sharks","Shark58","fecal","sample",NA,0,0,TRUE,TRUE,0,0,"7/27/20","Carcharhinus acronotus","7/27/20","11:30","Shackleford","N 34.684833","W -76.603317","Blacknose","Carcharhinus acronotus","F","",864,1030,"N","N","N","Y","Y","Bottom Longline",36,29.6,"BN7","Released","Medium","3/19/21","6:45 PM","Y","3/21/21","3/22/21",1.89,107.8,""
"NC59",1,8,"G","AGCCGTAA","CAACACCT","GGGACGATAAGACCCTATA ","ATTACGCTGTTATCCCTAAAG ","NC_Sharks","Shark59","fecal","sample",NA,11906,9,TRUE,TRUE,11906,9,"7/27/20","Sphyrna tiburo","7/27/20","12:47","Middle Marsh","N 34.717517","W -76.59905","Bonnethead","Sphyrna tiburo","F","",665,850,"Y","Y","Y","Y","Y","Gill Net",36,29.6,"BH3","Died in gill net, Kept for dissection","Medium","3/23/21","5:00 PM","","","",1.94,208.4,""
"NC6",1,1,"C","ACAGAGGT","CTAGGTGA","GGGACGATAAGACCCTATA ","ATTACGCTGTTATCCCTAAAG ","NC_Sharks","Shark6","fecal","sample",NA,1,1,TRUE,TRUE,1,1,"6/9/20","Rhizoprionodon terraenovae","6/9/20","10:20","Offshore","N 34.55381","W -76.624512","Atlantic Sharpnose","Rhizoprionodon terraenovae","F","",784,962,"Y","Y","Y","","Y","Longline",NA,25.78,"AS9","Kept for stomach dissection","Light","3/23/21","5:00 PM","N","","3/23/21",1.91,52.2,""
"NC61",1,8,"E","TGTTCCGT","CAACACCT","GGGACGATAAGACCCTATA ","ATTACGCTGTTATCCCTAAAG ","NC_Sharks","Shark61","fecal","sample",NA,1,1,TRUE,TRUE,1,1,"7/27/20","Rhizoprionodon terraenovae","7/27/20","12:24","Middle Marsh","N 34.715033","W -76.596167","Atlantic Sharpnose","Rhizoprionodon terraenovae","F","N",343,430,"Y","Y","N","N","Y","Gill Net",36,29.6,"AS1","Died in gill net, Kept for dissection, Closed umbilical scar","Light","3/23/21","5:00 PM","","","",1.91,926.6,""
"NC62",1,8,"D","CCACTAAG","CAACACCT","GGGACGATAAGACCCTATA ","ATTACGCTGTTATCCCTAAAG ","NC_Sharks","Shark62","fecal","sample",NA,39447,14,TRUE,TRUE,39447,14,"7/27/20","Sphyrna tiburo","7/27/20","12:24","Middle Marsh","N 34.715033","W -76.596167","Bonnethead","Sphyrna tiburo","F","A",943,1172,"Y","Y","Y","Y","Y","Gill Net",36,29.6,"BH2","Died in gill net, Kept for dissection","Light","3/23/21","5:00 PM","","","",1.98,79.5,""
"NC63",1,8,"C","ACAGAGGT","CAACACCT","GGGACGATAAGACCCTATA ","ATTACGCTGTTATCCCTAAAG ","NC_Sharks","Shark63","fecal","sample",NA,1,1,TRUE,TRUE,1,1,"8/7/20","Rhizoprionodon terraenovae","8/7/20","16:35","Shackleford","N 34.686483","W -76.602317","Atlantic Sharpnose","Rhizoprionodon terraenovae","F","N",398,499,"Y","Y","N","N","Y","Bottom Longline",36,30.1,"AS1","Died on longline, kept for dissection, forgot to wipe cloacha with ethanol","","2/23/21","3:11 PM","Y","2/24/21","2/26/21",1.63,15,"Added AE buffer at step 11 instead of step 16 so there is probably no DNA"
"NC64",1,8,"B","GCATAACG","CAACACCT","GGGACGATAAGACCCTATA ","ATTACGCTGTTATCCCTAAAG ","NC_Sharks","Shark64","fecal","sample",NA,12,7,TRUE,TRUE,12,7,"8/11/20","Carcharhinus limbatus","8/11/20","12:00","","N 34.719517","W -76.59415","Blacktip","Carcharhinus limbatus","F","J",931,1199,"N","N","Y","Y","Y","Bottom Longline",35,29.2,"BT1","Released","Light","3/19/21","6:45 PM","Y","3/21/21","3/22/21",2.53,33.3,""
"NC65",1,8,"A","GACACAGT","CAACACCT","GGGACGATAAGACCCTATA ","ATTACGCTGTTATCCCTAAAG ","NC_Sharks","Shark65","fecal","sample",NA,21,6,TRUE,TRUE,21,6,"8/11/20","Rhizoprionodon terraenovae","8/11/20","12:06","","N 34.714917","W -76.596133","Atlantic Sharpnose","Rhizoprionodon terraenovae","F","N",355,442,"N","N","N","N","Y","Gill Net",35,29.2,"","Released","","3/1/21","6:00 PM","N","","3/3/21",1.89,58.6,""
"NC66",1,9,"H","CTCCTGAA","AGTTCGTC","GGGACGATAAGACCCTATA ","ATTACGCTGTTATCCCTAAAG ","NC_Sharks","Shark66","fecal","sample",NA,0,0,TRUE,TRUE,0,0,"8/11/20","Rhizoprionodon terraenovae","8/11/20","11:30","","N 34.680933","W -76.607533","Atlantic Sharpnose","Rhizoprionodon terraenovae","F","N",364,459,"N","N","N","N","Y","Bottom Longline",35,29.2,"","Released","","3/1/21","6:00 PM","N","","3/3/21",1.94,388.6,""
"NC67",1,9,"G","AGCCGTAA","AGTTCGTC","GGGACGATAAGACCCTATA ","ATTACGCTGTTATCCCTAAAG ","NC_Sharks","Shark67","fecal","sample",NA,34743,35,TRUE,TRUE,34743,35,"8/11/20","Rhizoprionodon terraenovae","8/11/20","12:10","","N 34.7188","W -76.603233","Atlantic Sharpnose","Rhizoprionodon terraenovae","F","N",370,461,"N","N","N","N","Y","Bottom Longline",35,29.2,"","Released","","3/1/21","6:00 PM","N","","3/3/21",1.54,17.8,""
"NC68",1,9,"F","GATACCTG","AGTTCGTC","GGGACGATAAGACCCTATA ","ATTACGCTGTTATCCCTAAAG ","NC_Sharks","Shark68","fecal","sample",NA,26433,36,TRUE,TRUE,26433,36,"8/11/20","Sphyrna tiburo","8/11/20","12:25","","N 34.71775","W -76.599783","Bonnethead","Sphyrna tiburo","F","",888,1120,"Y","Y","Y","Y","Y","Gill Net",35,29.2,"BH2","Died in gill net, kept for dissection","Full","3/23/21","5:00 PM","","","",2.46,69.1,""
"NC69",1,9,"E","TGTTCCGT","AGTTCGTC","GGGACGATAAGACCCTATA ","ATTACGCTGTTATCCCTAAAG ","NC_Sharks","Shark69","fecal","sample",NA,3,3,TRUE,TRUE,3,3,"8/11/20","Rhizoprionodon terraenovae","8/11/20","12:15","","N 34.7177","W -76.598517","Atlantic Sharpnose","Rhizoprionodon terraenovae","M","N",324,396,"Y","Y","N","Y","Y","Gill Net",35,29.2,"AS1","Died in gill net, kept for dissection","Light","3/19/21","6:45 PM","Y","3/21/21","3/22/21",1.95,1548.8,""
"NC7",1,1,"B","GCATAACG","CTAGGTGA","GGGACGATAAGACCCTATA ","ATTACGCTGTTATCCCTAAAG ","NC_Sharks","Shark7","fecal","sample",NA,1,1,TRUE,TRUE,1,1,"6/9/20","Carcharhinus limbatus","6/9/20","11:30","Inshore","N 34.64503","W -76.627283","Blacktip","Carcharhinus limbatus","M","J",881,1120,"Y","Y","Y","","Y","Longline",NA,25.83,"BT1","Kept for stomach dissection","Light","3/23/21","5:00 PM","N","","3/23/21",1.97,53.1,""
"NC70",1,9,"D","CCACTAAG","AGTTCGTC","GGGACGATAAGACCCTATA ","ATTACGCTGTTATCCCTAAAG ","NC_Sharks","Shark70","fecal","sample",NA,29254,31,TRUE,TRUE,29254,31,"8/11/20","Sphyrna tiburo","8/11/20","12:25","","N 34.71775","W -76.599783","Bonnethead","Sphyrna tiburo","F","",615,811,"Y","Y","Y","Y","Y","Gill Net",35,29.2,"BH1","Died in gill net, kept for dissection","Medium","3/23/21","5:00 PM","","","",1.87,16,""
"NC71",1,9,"C","ACAGAGGT","AGTTCGTC","GGGACGATAAGACCCTATA ","ATTACGCTGTTATCCCTAAAG ","NC_Sharks","Shark71","fecal","sample",NA,0,0,TRUE,TRUE,0,0,"8/11/20","Carcharhinus limbatus","8/11/20","12:06","","N 34.714917","W -76.596133","Blacktip","Carcharhinus limbatus","F","J",934,1195,"Y","Y","Y","Y","Y","Gill Net",35,29.2,"BT2","Died in gill net, kept for dissection","Light","3/23/21","5:00 PM","","","",2.01,407.4,""
"NC72",1,9,"B","GCATAACG","AGTTCGTC","GGGACGATAAGACCCTATA ","ATTACGCTGTTATCCCTAAAG ","NC_Sharks","Shark72","fecal","sample",NA,3,3,TRUE,TRUE,3,3,"8/12/20","Rhizoprionodon terraenovae","8/12/20","9:07","","N 34.701917","W -76.612333","Atlantic Sharpnose","Rhizoprionodon terraenovae","F","N",380,471,"N","N","N","N","Y","Bottom Longline",36,29.5,"","Released?","","3/1/21","6:00 PM","N","","3/3/21",1.93,234.4,""
"NC73",1,9,"A","GACACAGT","AGTTCGTC","GGGACGATAAGACCCTATA ","ATTACGCTGTTATCCCTAAAG ","NC_Sharks","Shark73","fecal","sample",NA,4920,5,TRUE,TRUE,4920,5,"8/12/20","Sphyrna tiburo","8/12/20","11:37","","N 34.717717","W -76.599283","Bonnethead","Sphyrna tiburo","F","A",932,1137,"Y","Y","Y","Y","Y","Gill Net",36,29.5,"BH1","Died in gill net, kept for dissection, pregnant","Light with blood","3/23/21","5:00 PM","","","",1.89,379.2,"Added 100ul of h2o"
"NC74",1,10,"H","CTCCTGAA","CGAAGAAC","GGGACGATAAGACCCTATA ","ATTACGCTGTTATCCCTAAAG ","NC_Sharks","Shark74","fecal","sample",NA,0,0,TRUE,TRUE,0,0,"8/17/20","Carcharhinus acronotus","8/17/20","13:00","","N 34.719117","W -76.594683","Blacknose","Carcharhinus acronotus","F","A",1107,NA,"N","N","Y","Y","Y","Bottom Longline",31,28.3,"BN1","Released, pregnant","None","3/19/21","6:45 PM","Y","3/21/21","3/22/21",1.92,122.4,""
"NC75",1,10,"G","AGCCGTAA","CGAAGAAC","GGGACGATAAGACCCTATA ","ATTACGCTGTTATCCCTAAAG ","NC_Sharks","Shark75","fecal","sample",NA,2,2,TRUE,TRUE,2,2,"8/17/20","Carcharhinus acronotus","8/17/20","13:00","","N 34.719117","W -76.594683","Blacknose","Carcharhinus acronotus","F","A",1107,NA,"","","N","","Y","",31,28.3,"BN1","Control sample from NC74","None","3/23/21","5:00 PM","","","",1.87,34.4,"Added 100ul of h2o"
"NC76",1,10,"F","GATACCTG","CGAAGAAC","GGGACGATAAGACCCTATA ","ATTACGCTGTTATCCCTAAAG ","NC_Sharks","Shark76","fecal","sample",NA,4,4,TRUE,TRUE,4,4,"8/18/20","Rhizoprionodon terraenovae","8/18/20","10:30","Offshore","N 34.65","W -76.671162","Atlantic Sharpnose","Rhizoprionodon terraenovae","F","N",346,426,"Y","Y","N","N","Y","Trawl",NA,82.9,"AS1","Died in trawl net, kept for stomach dissection ","Light","3/19/21","6:45 PM","Y","3/21/21","3/22/21",1.93,537,"After step 2 some evaporated"
"NC77",1,10,"E","TGTTCCGT","CGAAGAAC","GGGACGATAAGACCCTATA ","ATTACGCTGTTATCCCTAAAG ","NC_Sharks","Shark77","fecal","sample",NA,0,0,TRUE,TRUE,0,0,"8/18/20","Rhizoprionodon terraenovae","8/18/20","10:30","Offshore","N 34.65","W -76.671162","Atlantic Sharpnose","Rhizoprionodon terraenovae","M","N",311,387,"Y","Y","N","N","Y","Trawl",NA,82.9,"AS2","Died in trawl net, kept for stomach dissection ","Medium","3/19/21","6:45 PM","Y","3/21/21","3/22/21",1.96,47.6,"After step 2 most all evaporated"
"NC78",1,10,"D","CCACTAAG","CGAAGAAC","GGGACGATAAGACCCTATA ","ATTACGCTGTTATCCCTAAAG ","NC_Sharks","Shark78","fecal","sample",NA,0,0,TRUE,TRUE,0,0,"8/18/20","Rhizoprionodon terraenovae","8/18/20","10:30","Offshore","N 34.550203","W -76.622982","Atlantic Sharpnose","Rhizoprionodon terraenovae","M","J",720,869,"N","N","N","Y","Y","Longline",NA,82,"AS3","Released","Light","3/19/21","6:45 PM","Y","3/21/21","3/22/21",1.92,354.9,"After step 2 some evaporated"
"NC79",1,10,"C","ACAGAGGT","CGAAGAAC","GGGACGATAAGACCCTATA ","ATTACGCTGTTATCCCTAAAG ","NC_Sharks","Shark79","fecal","sample",NA,1,1,TRUE,TRUE,1,1,"8/18/20","Rhizoprionodon terraenovae","8/18/20","13:30","Offshore","N 34.631703","W -76.639623","Atlantic Sharpnose","Rhizoprionodon terraenovae","M","N",348,435,"Y","Y","N","N","Y","Longline",NA,83.8,"AS4","Died on lingline, kept for stomach dissection","Medium","3/19/21","6:45 PM","Y","3/21/21","3/22/21",1.94,576.1,"After step 2 most all evaporated"
"NC8",1,1,"A","GACACAGT","CTAGGTGA","GGGACGATAAGACCCTATA ","ATTACGCTGTTATCCCTAAAG ","NC_Sharks","Shark8","fecal","sample",NA,3248,16,TRUE,TRUE,3248,16,"6/17/20","Carcharhinus limbatus","6/17/20","13:35","Back Sound","N 34.71755","W -76.605567","Blacktip","Carcharhinus limbatus","F","J",900,1200,"Y","Y","Y","Y","Y","Bottom Longline",29,22.3,"BT1","Kept for stomach dissection","None","3/23/21","5:00 PM","N","","3/23/21",1.99,37,""
"NC80",1,10,"B","GCATAACG","CGAAGAAC","GGGACGATAAGACCCTATA ","ATTACGCTGTTATCCCTAAAG ","NC_Sharks","Shark80","fecal","sample",NA,0,0,TRUE,TRUE,0,0,"8/18/20","Rhizoprionodon terraenovae","8/18/20","13:30","Offshore","N 34.631703","W -76.639623","Atlantic Sharpnose","Rhizoprionodon terraenovae","M","N",330,406,"Y","Y","N","N","Y","Longline",NA,83.8,"AS5","Died on lingline, kept for stomach dissection","Light/medium","3/19/21","6:45 PM","Y","3/21/21","3/22/21",1.92,38,"After step 2 most all evaporated"
"NC81",1,10,"A","GACACAGT","CGAAGAAC","GGGACGATAAGACCCTATA ","ATTACGCTGTTATCCCTAAAG ","NC_Sharks","Shark81","fecal","sample",NA,1,1,TRUE,TRUE,1,1,"8/18/20","Rhizoprionodon terraenovae","8/18/20","13:30","Offshore","N 34.631703","W -76.639623","Atlantic Sharpnose","Rhizoprionodon terraenovae","M","N",308,383,"Y","Y","N","N","Y","Longline",NA,83.8,"AS6","Died on lingline, kept for stomach dissection, missing 1 clasper","Light","3/19/21","6:45 PM","Y","3/21/21","3/22/21",1.94,659.9,"After step 2 some evaporated"
"NC82",1,11,"H","CTCCTGAA","ATGGCGAA","GGGACGATAAGACCCTATA ","ATTACGCTGTTATCCCTAAAG ","NC_Sharks","Shark82","fecal","sample",NA,655,3,TRUE,TRUE,655,3,"8/18/20","Rhizoprionodon terraenovae","8/18/20","13:30","Offshore","N 34.631703","W -76.639623","Atlantic Sharpnose","Rhizoprionodon terraenovae","M","J",705,864,"Y","Y","Y","Y","Y","Longline",NA,83.8,"AS7","Kept for stomach dissection","Medium","3/23/21","5:00 PM","","","",1.68,11.6,""
"NC83",1,11,"G","AGCCGTAA","ATGGCGAA","GGGACGATAAGACCCTATA ","ATTACGCTGTTATCCCTAAAG ","NC_Sharks","Shark83","fecal","sample",NA,1387,5,TRUE,TRUE,1387,5,"8/18/20","Rhizoprionodon terraenovae","8/18/20","13:30","Offshore","N 34.631703","W -76.639623","Atlantic Sharpnose","Rhizoprionodon terraenovae","M","J",705,864,"","","N","","Y","",NA,83.8,"","Control sample from NC83 (NC82?????)","None","3/23/21","5:00 PM","","","",1.96,40.4,"Added 100ul of h2o"
"NC84",1,11,"F","GATACCTG","ATGGCGAA","GGGACGATAAGACCCTATA ","ATTACGCTGTTATCCCTAAAG ","NC_Sharks","Shark84","fecal","sample",NA,1,1,TRUE,TRUE,1,1,"8/24/20","Carcharhinus acronotus","8/24/20","9:30","Middle Marsh","N 34.720483","W -76.595367","Blacknose","Carcharhinus acronotus","F","",1087,1305,"N","N","Y","Y","Y","Bottom Longline",33,27.7,"BN1","Released","None","3/19/21","6:45 PM","Y","3/21/21","3/22/21",4.07,5.5,"After step 2 some evaporated"
"NC85",1,11,"E","TGTTCCGT","ATGGCGAA","GGGACGATAAGACCCTATA ","ATTACGCTGTTATCCCTAAAG ","NC_Sharks","Shark85","fecal","sample",NA,10,5,TRUE,TRUE,10,5,"8/24/20","Carcharhinus acronotus","8/24/20","9:30","Middle Marsh","N 34.720483","W -76.595367","Blacknose","Carcharhinus acronotus","M","",1019,1254,"Y","Y","Y","Y","Y","Bottom Longline",33,27.7,"BN2","Kept for dissection","Light","3/23/21","5:00 PM","","","",1.96,52.6,""
"NC86",1,11,"D","CCACTAAG","ATGGCGAA","GGGACGATAAGACCCTATA ","ATTACGCTGTTATCCCTAAAG ","NC_Sharks","Shark86","fecal","sample",NA,0,0,TRUE,TRUE,0,0,"8/24/20","Carcharhinus acronotus","8/24/20","9:30","Middle Marsh","N 34.720483","W -76.595367","Blacknose","Carcharhinus acronotus","F","",861,1054,"Y","Y","Y","Y","Y","Bottom Longline",33,27.7,"BN3","Kept for dissection, some of the stomach contents spilled out","Medium","3/23/21","5:00 PM","","","",1.9,26.2,""
"NC87",1,11,"C","ACAGAGGT","ATGGCGAA","GGGACGATAAGACCCTATA ","ATTACGCTGTTATCCCTAAAG ","NC_Sharks","Shark87","fecal","sample",NA,0,0,TRUE,TRUE,0,0,"8/24/20","Carcharhinus acronotus","8/24/20","9:30","Middle Marsh","N 34.720483","W -76.595367","Blacknose","Carcharhinus acronotus","F","",970,1193,"Y","Y","Y","Y","Y","Bottom Longline",33,27.7,"BN4","Kept for dissection","Medium","3/23/21","5:00 PM","","","",1.96,77,""
"NC88",1,11,"B","GCATAACG","ATGGCGAA","GGGACGATAAGACCCTATA ","ATTACGCTGTTATCCCTAAAG ","NC_Sharks","Shark88","fecal","sample",NA,0,0,TRUE,TRUE,0,0,"8/24/20","Carcharhinus limbatus","8/24/20","9:30","Middle Marsh","N 34.720483","W -76.595367","Blacktip","Carcharhinus limbatus","F","J",902,1143,"Y","Y","Y","Y","Y","Bottom Longline",33,27.7,"BT1","Kept for dissection","Medium","3/23/21","5:00 PM","","","",1.94,81.7,""
"NC89",1,11,"A","GACACAGT","ATGGCGAA","GGGACGATAAGACCCTATA ","ATTACGCTGTTATCCCTAAAG ","NC_Sharks","Shark89","fecal","sample",NA,0,0,TRUE,TRUE,0,0,"8/24/20","Carcharhinus acronotus","8/24/20","9:30","Middle Marsh","N 34.720483","W -76.595367","Blacknose","Carcharhinus acronotus","M","",1019,1254,"","","N","","Y","",33,27.7,"BN2","Control sample from NC85","None","3/23/21","5:00 PM","","","",1.91,53.7,""
"NC9",1,2,"H","CTCCTGAA","ACGACTTG","GGGACGATAAGACCCTATA ","ATTACGCTGTTATCCCTAAAG ","NC_Sharks","Shark9","fecal","sample",NA,1,1,TRUE,TRUE,1,1,"6/22/20","Carcharhinus acronotus","6/22/20","14:30","Shackleford","N 34.685083","W -76.622183","Blacknose","Carcharhinus acronotus","M","",NA,NA,"N","N","Y","N","Y","Bottom Longline",32,26.9,"BN5","Released","None","3/19/21","6:45 PM","Y","3/21/21","3/22/21",1.95,296.9,"After step 2 some evaporated"
"NC90",1,12,"H","CTCCTGAA","TGGAGTTG","GGGACGATAAGACCCTATA ","ATTACGCTGTTATCCCTAAAG ","NC_Sharks","Shark90","fecal","sample",NA,737,6,TRUE,TRUE,737,6,"8/25/20","Carcharhinus acronotus","8/25/20","8:34","","N 34.71945","W -76.594833","Blacknose","Carcharhinus acronotus","M","",961,1051,"N","N","Y","Y","Y","Bottom Longline",NA,NA,"BN1","Released","Light","3/19/21","6:45 PM","Y","3/21/21","3/22/21",1.91,63.2,""
"NC91",1,12,"G","AGCCGTAA","TGGAGTTG","GGGACGATAAGACCCTATA ","ATTACGCTGTTATCCCTAAAG ","NC_Sharks","Shark91","fecal","sample",NA,0,0,TRUE,TRUE,0,0,"8/25/20","Carcharhinus acronotus","8/25/20","8:34","","N 34.71945","W -76.594833","Blacknose","Carcharhinus acronotus","F","",989,1184,"N","N","Y","Y","Y","Bottom Longline",NA,NA,"BN2","Released","None","3/19/21","6:45 PM","Y","3/21/21","3/22/21",1.92,47.2,""
"NC92",1,12,"F","GATACCTG","TGGAGTTG","GGGACGATAAGACCCTATA ","ATTACGCTGTTATCCCTAAAG ","NC_Sharks","Shark92","fecal","sample",NA,53,3,TRUE,TRUE,53,3,"8/25/20","Sphyrna tiburo","8/25/20","11:53","","N 34.71855","W -76.600367","Bonnethead","Sphyrna tiburo","F","",835,1035,"N","N","Y","Y","Y","Bottom Longline",NA,NA,"BH1","Released","","3/19/21","6:45 PM","Y","3/21/21","3/22/21",1.98,165,""
"NC93",1,12,"E","TGTTCCGT","TGGAGTTG","GGGACGATAAGACCCTATA ","ATTACGCTGTTATCCCTAAAG ","NC_Sharks","Shark93","fecal","sample",NA,261450,21,TRUE,TRUE,261450,21,"8/25/20","Sphyrna tiburo","8/25/20","12:27","","N 34.717867","W -76.599967","Bonnethead","Sphyrna tiburo","F","",777,923,"Y","Y","N","Y","Y","Gill Net",NA,NA,"BH2","Died in gill net, kept for dissection, missing tip of tail","Medium","3/23/21","5:00 PM","","","",2.11,35,""
"NC94",1,12,"D","CCACTAAG","TGGAGTTG","GGGACGATAAGACCCTATA ","ATTACGCTGTTATCCCTAAAG ","NC_Sharks","Shark94","fecal","sample",NA,1120,13,TRUE,TRUE,1120,13,"8/25/20","Sphyrna tiburo","8/25/20","12:27","","N 34.717867","W -76.599967","Bonnethead","Sphyrna tiburo","F","",765,960,"Y","Y","Y","Y","Y","Gill Net",NA,NA,"BH3","Died in gill net, kept for dissection","Light","3/23/21","5:00 PM","","","",1.55,8.4,""
"NC96",1,12,"B","GCATAACG","TGGAGTTG","GGGACGATAAGACCCTATA ","ATTACGCTGTTATCCCTAAAG ","NC_Sharks","Shark96","fecal","sample",NA,21536,10,TRUE,TRUE,21536,10,"8/25/20","Sphyrna tiburo","8/25/20","12:27","","N 34.717867","W -76.599967","Bonnethead","Sphyrna tiburo","F","",842,1034,"Y","Y","Y","Y","Y","Gill Net",NA,NA,"BH5","Died in gill net, kept for dissection","Full","3/23/21","5:00 PM","","","",2.35,84.8,""
"NC97",1,12,"A","GACACAGT","TGGAGTTG","GGGACGATAAGACCCTATA ","ATTACGCTGTTATCCCTAAAG ","NC_Sharks","Shark97","fecal","sample",NA,12002,9,TRUE,TRUE,12002,9,"8/25/20","Sphyrna tiburo","8/25/20","12:27","","N 34.717867","W -76.599967","Bonnethead","Sphyrna tiburo","F","A",906,1103,"Y","Y","Y","Y","Y","Gill Net",NA,NA,"BH6","Died in gill net, kept for dissection, pregnant","Light","3/23/21","5:00 PM","","","",1.87,152.3,"After step two most all evaporated; added 325ul of h2o"
"NC98",2,1,"A","CCACATTG","CTAGGTGA","GGGACGATAAGACCCTATA ","ATTACGCTGTTATCCCTAAAG ","NC_Sharks","Shark98","fecal","sample",NA,0,0,TRUE,TRUE,0,0,"8/31/20","Carcharhinus limbatus","8/31/20","15:20","","N 34.722483","W -76.60585","Blacktip","Carcharhinus limbatus","F","A",1370,1690,"N","N","Y","Y","Y","Drum Line",NA,NA,"BT1","Released","Light","3/23/21","5:00 PM","","","",1.9,172.1,""
"NC99",2,1,"B","TCGAGAGT","CTAGGTGA","GGGACGATAAGACCCTATA ","ATTACGCTGTTATCCCTAAAG ","NC_Sharks","Shark99","fecal","sample",NA,1,1,TRUE,TRUE,1,1,"8/31/20","Carcharhinus acronotus","8/31/20","15:30","","N 34.716467","W -76.607183","Blacknose","Carcharhinus acronotus","F","",1147,1353,"N","N","Y","Y","Y","Bottom Longline",NA,NA,"BN1","Released","None","3/23/21","5:00 PM","","","",1.91,27.8,""
"St1",2,2,"B","TCGAGAGT","ACGACTTG","GGGACGATAAGACCCTATA ","ATTACGCTGTTATCCCTAAAG ","NC_Sharks","Shark38","stomach","sample",NA,66251,18,TRUE,TRUE,66251,18,"7/10/20","Sphyrna tiburo","7/10/20","10:59","Middle Marsh","N 34.7192","W -76.612767","Bonnethead","Sphyrna tiburo","F","",780,949,"Y","Y","Y","Y","Y","Gill Net",NA,NA,"BH2","Died in gill net, Kept for dissection","Medium","3/23/21","5:00 PM","","","",1.83,31.2,""
"St102-St103",2,10,"E","TTCGTACG","CGAAGAAC","GGGACGATAAGACCCTATA ","ATTACGCTGTTATCCCTAAAG ","NC_Sharks","Shark124","stomach","sample",NA,26286,40,TRUE,TRUE,26286,40,"8/20/19","Rhizoprionodon terraenovae","8/20/19","","","","","Atlantic Sharpnose","Rhizoprionodon terraenovae","","",NA,NA,"","","","","N","",NA,NA,"","","","","","","","",NA,NA,""
"St104-St105",2,10,"F","CGACCTAA","CGAAGAAC","GGGACGATAAGACCCTATA ","ATTACGCTGTTATCCCTAAAG ","NC_Sharks","Shark125","stomach","sample",NA,43321,37,TRUE,TRUE,43321,37,"6/27/19","Rhizoprionodon terraenovae","6/27/19","","","","","Atlantic Sharpnose","Rhizoprionodon terraenovae","","",NA,NA,"","","","","N","",NA,NA,"","","","","","","","",NA,NA,""
"St106-St107",2,11,"A","CCACATTG","ATGGCGAA","GGGACGATAAGACCCTATA ","ATTACGCTGTTATCCCTAAAG ","NC_Sharks","Shark110","stomach","sample",NA,0,0,TRUE,TRUE,0,0,"10/15/19","Rhizoprionodon terraenovae","10/15/19","","","","","Atlantic Sharpnose","Rhizoprionodon terraenovae","","",NA,NA,"","","","","N","",NA,NA,"","","","","","","","",NA,NA,""
"St11",2,3,"A","CCACATTG","GCATACAG","GGGACGATAAGACCCTATA ","ATTACGCTGTTATCCCTAAAG ","NC_Sharks","Shark23","stomach","sample",NA,36276,15,TRUE,TRUE,36276,15,"6/30/20","Sphyrna tiburo","6/30/20","13:04","Middle Marsh","N 34.694550","W -76.60087","Bonnethead","Sphyrna tiburo","F","A",891,1071,"Y","Y","Y","Y","Y","Gill Net",33,26.5,"BH1","Died in gill net, Kept for stomach dissection, pregnant ","Light","3/23/21","5:00 PM","N","","3/23/21",1.88,756.6,""
"St13",2,3,"B","TCGAGAGT","GCATACAG","GGGACGATAAGACCCTATA ","ATTACGCTGTTATCCCTAAAG ","NC_Sharks","Shark2","stomach","sample",NA,66,3,TRUE,TRUE,66,3,"6/9/20","Rhizoprionodon terraenovae","6/9/20","10:20","Offshore","N 34.55381","W -76.624512","Atlantic Sharpnose","Rhizoprionodon terraenovae","M","",732,894,"Y","Y","Y","","Y","Longline",NA,25.78,"AS4","Kept for stomach dissection","None","3/23/21","5:00 PM","N","","3/23/21",1.79,19.9,""
"St15-St16",2,3,"C","GGTCGTAT","GCATACAG","GGGACGATAAGACCCTATA ","ATTACGCTGTTATCCCTAAAG ","NC_Sharks","Shark36","stomach","sample",NA,0,0,TRUE,TRUE,0,0,"7/10/20","Carcharhinus limbatus","7/10/20","10:45","Middle Marsh","N 34.717733","W -76.599933","Blacktip","Carcharhinus limbatus","F","J",980,1193,"Y","Y","Y","Y","Y","Gill Net",NA,NA,"BT1","Died in gill net, Kept for dissection","Full","3/23/21","5:00 PM","N","","3/23/21",1.88,448.4,""
"St17",2,3,"D","GTGATCCA","GCATACAG","GGGACGATAAGACCCTATA ","ATTACGCTGTTATCCCTAAAG ","NC_Sharks","Shark96","stomach","sample",NA,30031,14,TRUE,TRUE,30031,14,"8/25/20","Sphyrna tiburo","8/25/20","12:27","","N 34.717867","W -76.599967","Bonnethead","Sphyrna tiburo","F","",842,1034,"Y","Y","Y","Y","Y","Gill Net",NA,NA,"BH5","Died in gill net, kept for dissection","Full","3/23/21","5:00 PM","","","",2.35,84.8,""
"St19",2,3,"E","TTCGTACG","GCATACAG","GGGACGATAAGACCCTATA ","ATTACGCTGTTATCCCTAAAG ","NC_Sharks","Shark95","stomach","sample",NA,41386,14,TRUE,TRUE,41386,14,"8/25/20","Sphyrna tiburo","8/25/20","12:27","","N 34.717867","W -76.599967","Bonnethead","Sphyrna tiburo","F","",786,991,"Y","Y","Y","Y","Y","Gill Net",NA,NA,"BH4","Died in gill net, kept for dissection","Full","3/23/21","5:00 PM","","","",2.41,111.1,""
"St21",2,3,"F","CGACCTAA","GCATACAG","GGGACGATAAGACCCTATA ","ATTACGCTGTTATCCCTAAAG ","NC_Sharks","Shark68","stomach","sample",NA,34018,15,TRUE,TRUE,34018,15,"8/11/20","Sphyrna tiburo","8/11/20","12:25","","N 34.71775","W -76.599783","Bonnethead","Sphyrna tiburo","F","",888,1120,"Y","Y","Y","Y","Y","Gill Net",35,29.2,"BH2","Died in gill net, kept for dissection","Full","3/23/21","5:00 PM","","","",2.46,69.1,""
"St23-St24",2,4,"A","CCACATTG","TGCGAACT","GGGACGATAAGACCCTATA ","ATTACGCTGTTATCCCTAAAG ","NC_Sharks","Shark70","stomach","sample",NA,50524,34,TRUE,TRUE,50524,34,"8/11/20","Sphyrna tiburo","8/11/20","12:25","","N 34.71775","W -76.599783","Bonnethead","Sphyrna tiburo","F","",615,811,"Y","Y","Y","Y","Y","Gill Net",35,29.2,"BH1","Died in gill net, kept for dissection","Medium","3/23/21","5:00 PM","","","",1.87,16,""
"St25-St26",2,4,"B","TCGAGAGT","TGCGAACT","GGGACGATAAGACCCTATA ","ATTACGCTGTTATCCCTAAAG ","NC_Sharks","Shark60","stomach","sample",NA,43233,17,TRUE,TRUE,43233,17,"7/27/20","Sphyrna tiburo","7/27/20","12:54","Middle Marsh","N 34.7178","W -76.60015","Bonnethead","Sphyrna tiburo","F","A",941,1184,"Y","Y","N","Y","Y","Gill Net",36,29.6,"BH4","Died in gill net, Kept for dissection, pregnant","Full","3/23/21","5:00 PM","","","",2.62,50.5,""
"St27-St28",2,4,"C","GGTCGTAT","TGCGAACT","GGGACGATAAGACCCTATA ","ATTACGCTGTTATCCCTAAAG ","NC_Sharks","Shark73","stomach","sample",NA,60892,14,TRUE,TRUE,60892,14,"8/12/20","Sphyrna tiburo","8/12/20","11:37","","N 34.717717","W -76.599283","Bonnethead","Sphyrna tiburo","F","A",932,1137,"Y","Y","Y","Y","Y","Gill Net",36,29.5,"BH1","Died in gill net, kept for dissection, pregnant","Light with blood","3/23/21","5:00 PM","","","",1.89,379.2,"Added 100ul of h2o"
"St29-St30",2,4,"D","GTGATCCA","TGCGAACT","GGGACGATAAGACCCTATA ","ATTACGCTGTTATCCCTAAAG ","NC_Sharks","Shark48","stomach","sample",NA,41631,15,TRUE,TRUE,41631,15,"7/15/20","Sphyrna tiburo","7/15/20","12:00","Middle Marsh","N 34.717533","W -76.598833","Bonnethead","Sphyrna tiburo","F","",741,932,"Y","Y","Y","Y","Y","Gill Net",32,29.8,"BH1","Died in gill net, Kept for dissection","Light","3/23/21","5:00 PM","","","",1.96,22.4,""
"St3-St4",2,2,"C","GGTCGTAT","ACGACTTG","GGGACGATAAGACCCTATA ","ATTACGCTGTTATCCCTAAAG ","NC_Sharks","Shark7","stomach","sample",NA,0,0,TRUE,TRUE,0,0,"6/9/20","Carcharhinus limbatus","6/9/20","11:30","Inshore","N 34.64503","W -76.627283","Blacktip","Carcharhinus limbatus","M","J",881,1120,"Y","Y","Y","","Y","Longline",NA,25.83,"BT1","Kept for stomach dissection","Light","3/23/21","5:00 PM","N","","3/23/21",1.97,53.1,""
"St31-St32",2,4,"E","TTCGTACG","TGCGAACT","GGGACGATAAGACCCTATA ","ATTACGCTGTTATCCCTAAAG ","NC_Sharks","Shark94","stomach","sample",NA,45632,9,TRUE,TRUE,45632,9,"8/25/20","Sphyrna tiburo","8/25/20","12:27","","N 34.717867","W -76.599967","Bonnethead","Sphyrna tiburo","F","",765,960,"Y","Y","Y","Y","Y","Gill Net",NA,NA,"BH3","Died in gill net, kept for dissection","Light","3/23/21","5:00 PM","","","",1.55,8.4,""
"St33-St34",2,4,"F","CGACCTAA","TGCGAACT","GGGACGATAAGACCCTATA ","ATTACGCTGTTATCCCTAAAG ","NC_Sharks","Shark71","stomach","sample",NA,212,6,TRUE,TRUE,212,6,"8/11/20","Carcharhinus limbatus","8/11/20","12:06","","N 34.714917","W -76.596133","Blacktip","Carcharhinus limbatus","F","J",934,1195,"Y","Y","Y","Y","Y","Gill Net",35,29.2,"BT2","Died in gill net, kept for dissection","Light","3/23/21","5:00 PM","","","",2.01,407.4,""
"St35-St36",2,5,"A","CCACATTG","TCTCCGAT","GGGACGATAAGACCCTATA ","ATTACGCTGTTATCCCTAAAG ","NC_Sharks","Shark93","stomach","sample",NA,67080,15,TRUE,TRUE,67080,15,"8/25/20","Sphyrna tiburo","8/25/20","12:27","","N 34.717867","W -76.599967","Bonnethead","Sphyrna tiburo","F","",777,923,"Y","Y","N","Y","Y","Gill Net",NA,NA,"BH2","Died in gill net, kept for dissection, missing tip of tail","Medium","3/23/21","5:00 PM","","","",2.11,35,""
"St38",2,5,"B","TCGAGAGT","TCTCCGAT","GGGACGATAAGACCCTATA ","ATTACGCTGTTATCCCTAAAG ","NC_Sharks","Shark87","stomach","sample",NA,3194,9,TRUE,TRUE,3194,9,"8/24/20","Carcharhinus acronotus","8/24/20","9:30","Middle Marsh","N 34.720483","W -76.595367","Blacknose","Carcharhinus acronotus","F","",970,1193,"Y","Y","Y","Y","Y","Bottom Longline",33,27.7,"BN4","Kept for dissection","Medium","3/23/21","5:00 PM","","","",1.96,77,""
"St39-St40",2,5,"C","GGTCGTAT","TCTCCGAT","GGGACGATAAGACCCTATA ","ATTACGCTGTTATCCCTAAAG ","NC_Sharks","Shark5","stomach","sample",NA,1,1,TRUE,TRUE,1,1,"6/9/20","Carcharhinus acronotus","6/9/20","11:30","Inshore","N 34.64503","W -76.627283","Blacknose","Carcharhinus acronotus","M","",987,1056,"Y","Y","Y","","Y","Longline",NA,25.83,"BN1","Kept for stomach dissection","None","3/23/21","5:00 PM","N","","3/23/21",1.95,217.6,""
"St41-St42",2,5,"D","GTGATCCA","TCTCCGAT","GGGACGATAAGACCCTATA ","ATTACGCTGTTATCCCTAAAG ","NC_Sharks","Shark46","stomach","sample",NA,19104,2,TRUE,TRUE,19104,2,"7/15/20","Rhizoprionodon terraenovae","7/15/20","11:10","Middle Marsh","N 34.72045","W -76.594617","Atlantic Sharpnose","Rhizoprionodon terraenovae","F","N",309,383,"Y","Y","N","N","Y","Bottom Longline",32,29.8,"AS1","Died on longline, kept for dissection, open umbilical scar","Light","3/23/21","5:00 PM","","","",1.9,1392.3,""
"St43-St44",2,5,"E","TTCGTACG","TCTCCGAT","GGGACGATAAGACCCTATA ","ATTACGCTGTTATCCCTAAAG ","NC_Sharks","Shark61","stomach","sample",NA,1,1,TRUE,TRUE,1,1,"7/27/20","Rhizoprionodon terraenovae","7/27/20","12:24","Middle Marsh","N 34.715033","W -76.596167","Atlantic Sharpnose","Rhizoprionodon terraenovae","F","N",343,430,"Y","Y","N","N","Y","Gill Net",36,29.6,"AS1","Died in gill net, Kept for dissection, Closed umbilical scar","Light","3/23/21","5:00 PM","","","",1.91,926.6,""
"St45-St46",2,5,"F","CGACCTAA","TCTCCGAT","GGGACGATAAGACCCTATA ","ATTACGCTGTTATCCCTAAAG ","NC_Sharks","Shark3","stomach","sample",NA,81532,7,TRUE,TRUE,81532,7,"6/9/20","Rhizoprionodon terraenovae","6/9/20","10:20","Offshore","N 34.55381","W -76.624512","Atlantic Sharpnose","Rhizoprionodon terraenovae","F","",771,933,"Y","Y","Y","","Y","Longline",NA,25.78,"AS11","Kept for stomach dissection","None","3/23/21","5:00 PM","N","","3/23/21",1.8,73.3,""
"St47-St48",2,6,"A","CCACATTG","GAGGACTT","GGGACGATAAGACCCTATA ","ATTACGCTGTTATCCCTAAAG ","NC_Sharks","Shark6","stomach","sample",NA,0,0,TRUE,TRUE,0,0,"6/9/20","Rhizoprionodon terraenovae","6/9/20","10:20","Offshore","N 34.55381","W -76.624512","Atlantic Sharpnose","Rhizoprionodon terraenovae","F","",784,962,"Y","Y","Y","","Y","Longline",NA,25.78,"AS9","Kept for stomach dissection","Light","3/23/21","5:00 PM","N","","3/23/21",1.91,52.2,""
"St49-St50",2,6,"B","TCGAGAGT","GAGGACTT","GGGACGATAAGACCCTATA ","ATTACGCTGTTATCCCTAAAG ","NC_Sharks","Shark85","stomach","sample",NA,73382,36,TRUE,TRUE,73382,36,"8/24/20","Carcharhinus acronotus","8/24/20","9:30","Middle Marsh","N 34.720483","W -76.595367","Blacknose","Carcharhinus acronotus","M","",1019,1254,"Y","Y","Y","Y","Y","Bottom Longline",33,27.7,"BN2","Kept for dissection","Light","3/23/21","5:00 PM","","","",1.96,52.6,""
"St5-St6",2,2,"D","GTGATCCA","ACGACTTG","GGGACGATAAGACCCTATA ","ATTACGCTGTTATCCCTAAAG ","NC_Sharks","Shark8","stomach","sample",NA,0,0,TRUE,TRUE,0,0,"6/17/20","Carcharhinus limbatus","6/17/20","13:35","Back Sound","N 34.71755","W -76.605567","Blacktip","Carcharhinus limbatus","F","J",900,1200,"Y","Y","Y","Y","Y","Bottom Longline",29,22.3,"BT1","Kept for stomach dissection","None","3/23/21","5:00 PM","N","","3/23/21",1.99,37,""
"St51-St52",2,6,"C","GGTCGTAT","GAGGACTT","GGGACGATAAGACCCTATA ","ATTACGCTGTTATCCCTAAAG ","NC_Sharks","Shark86","stomach","sample",NA,499,7,TRUE,TRUE,499,7,"8/24/20","Carcharhinus acronotus","8/24/20","9:30","Middle Marsh","N 34.720483","W -76.595367","Blacknose","Carcharhinus acronotus","F","",861,1054,"Y","Y","Y","Y","Y","Bottom Longline",33,27.7,"BN3","Kept for dissection, some of the stomach contents spilled out","Medium","3/23/21","5:00 PM","","","",1.9,26.2,""
"St53-St54",2,6,"D","GTGATCCA","GAGGACTT","GGGACGATAAGACCCTATA ","ATTACGCTGTTATCCCTAAAG ","NC_Sharks","Shark88","stomach","sample",NA,0,0,TRUE,TRUE,0,0,"8/24/20","Carcharhinus limbatus","8/24/20","9:30","Middle Marsh","N 34.720483","W -76.595367","Blacktip","Carcharhinus limbatus","F","J",902,1143,"Y","Y","Y","Y","Y","Bottom Longline",33,27.7,"BT1","Kept for dissection","Medium","3/23/21","5:00 PM","","","",1.94,81.7,""
"St55-St56",2,6,"E","TTCGTACG","GAGGACTT","GGGACGATAAGACCCTATA ","ATTACGCTGTTATCCCTAAAG ","NC_Sharks","Shark45","stomach","sample",NA,41929,59,TRUE,TRUE,41929,59,"7/15/20","Sphyrna tiburo","7/15/20","12:00","Middle Marsh","N 34.717967","W -76.599833","Bonnethead","Sphyrna tiburo","F","",798,922,"Y","Y","N","Y","Y","Gill Net",32,29.8,"BH5","Died in gill net, Kept for dissection","Full","3/23/21","5:00 PM","","","",1.82,25.1,""
"St57-St58",2,6,"F","CGACCTAA","GAGGACTT","GGGACGATAAGACCCTATA ","ATTACGCTGTTATCCCTAAAG ","NC_Sharks","Shark47","stomach","sample",NA,47064,35,TRUE,TRUE,47064,35,"7/15/20","Sphyrna tiburo","7/15/20","12:00","Middle Marsh","N 34.717533","W -76.598833","Bonnethead","Sphyrna tiburo","F","",821,1103,"Y","Y","Y","Y","Y","Gill Net",32,29.8,"BH2","Died in gill net, Kept for dissection","Medium","3/23/21","5:00 PM","","","",1.95,46.5,""
"St59",2,7,"A","CCACATTG","ACCATCCA","GGGACGATAAGACCCTATA ","ATTACGCTGTTATCCCTAAAG ","NC_Sharks","Shark103","stomach","sample",NA,39187,3,TRUE,TRUE,39187,3,"6/26/20","Sphyrna tiburo","6/26/20","","","","","Bonnethead","Sphyrna tiburo","","",NA,NA,"","","","","N","",NA,NA,"","","","","","","","",NA,NA,""
"St61-St62",2,7,"B","TCGAGAGT","ACCATCCA","GGGACGATAAGACCCTATA ","ATTACGCTGTTATCCCTAAAG ","NC_Sharks","Shark104","stomach","sample",NA,49447,58,TRUE,TRUE,49447,58,"6/1/20","Sphyrna tiburo","6/1/20","","","","","Bonnethead","Sphyrna tiburo","","",NA,NA,"","","","","N","",NA,NA,"","","","","","","","",NA,NA,""
"St63-St64",2,7,"C","GGTCGTAT","ACCATCCA","GGGACGATAAGACCCTATA ","ATTACGCTGTTATCCCTAAAG ","NC_Sharks","Shark105","stomach","sample",NA,47860,16,TRUE,TRUE,47860,16,"6/26/20","Sphyrna tiburo","6/26/20","","","","","Bonnethead","Sphyrna tiburo","","",NA,NA,"","","","","N","",NA,NA,"","","","","","","","",NA,NA,""
"St65-St66",2,7,"D","GTGATCCA","ACCATCCA","GGGACGATAAGACCCTATA ","ATTACGCTGTTATCCCTAAAG ","NC_Sharks","Shark106","stomach","sample",NA,42313,13,TRUE,TRUE,42313,13,"6/1/20","Sphyrna tiburo","6/1/20","","","","","Bonnethead","Sphyrna tiburo","","",NA,NA,"","","","","N","",NA,NA,"","","","","","","","",NA,NA,""
"St67-St68",2,7,"E","TTCGTACG","ACCATCCA","GGGACGATAAGACCCTATA ","ATTACGCTGTTATCCCTAAAG ","NC_Sharks","Shark126","stomach","sample",NA,43917,15,TRUE,TRUE,43917,15,"6/26/20","Sphyrna tiburo","6/26/20","","","","","Bonnethead","Sphyrna tiburo","","",NA,NA,"","","","","N","",NA,NA,"","","","","","","","",NA,NA,""
"St69-St70",2,7,"F","CGACCTAA","ACCATCCA","GGGACGATAAGACCCTATA ","ATTACGCTGTTATCCCTAAAG ","NC_Sharks","Shark127","stomach","sample",NA,46885,18,TRUE,TRUE,46885,18,"6/26/20","Sphyrna tiburo","6/26/20","","","","","Bonnethead","Sphyrna tiburo","","",NA,NA,"","","","","N","",NA,NA,"","","","","","","","",NA,NA,""
"St7-St8",2,2,"E","TTCGTACG","ACGACTTG","GGGACGATAAGACCCTATA ","ATTACGCTGTTATCCCTAAAG ","NC_Sharks","Shark82","stomach","sample",NA,24571,7,TRUE,TRUE,24571,7,"8/18/20","Rhizoprionodon terraenovae","8/18/20","13:30","Offshore","N 34.631703","W -76.639623","Atlantic Sharpnose","Rhizoprionodon terraenovae","M","J",705,864,"Y","Y","Y","Y","Y","Longline",NA,83.8,"AS7","Kept for stomach dissection","Medium","3/23/21","5:00 PM","","","",1.68,11.6,""
"St71-St108",2,8,"A","CCACATTG","CAACACCT","GGGACGATAAGACCCTATA ","ATTACGCTGTTATCCCTAAAG ","NC_Sharks","Shark107","stomach","sample",NA,39,7,TRUE,TRUE,39,7,"6/11/19","Carcharhinus acronotus","6/11/19","","","","","Blacknose","Carcharhinus acronotus","","",NA,NA,"","","","","N","",NA,NA,"","","","","","","","",NA,NA,""
"St72-St73",2,8,"B","TCGAGAGT","CAACACCT","GGGACGATAAGACCCTATA ","ATTACGCTGTTATCCCTAAAG ","NC_Sharks","Shark108","stomach","sample",NA,3,1,TRUE,TRUE,3,1,"6/11/19","Carcharhinus limbatus","6/11/19","","","","","Blacktip","Carcharhinus limbatus","","",NA,NA,"","","","","N","",NA,NA,"","","","","","","","",NA,NA,""
"St74-St75",2,8,"C","GGTCGTAT","CAACACCT","GGGACGATAAGACCCTATA ","ATTACGCTGTTATCCCTAAAG ","NC_Sharks","Shark109","stomach","sample",NA,0,0,TRUE,TRUE,0,0,"10/15/19","Rhizoprionodon terraenovae","10/15/19","","","","","Atlantic Sharpnose","Rhizoprionodon terraenovae","","",NA,NA,"","","","","N","",NA,NA,"","","","","","","","",NA,NA,""
"St76-St77",2,8,"D","GTGATCCA","CAACACCT","GGGACGATAAGACCCTATA ","ATTACGCTGTTATCCCTAAAG ","NC_Sharks","Shark111","stomach","sample",NA,78,1,TRUE,TRUE,78,1,"9/24/19","Carcharhinus limbatus","9/24/19","","","","","Blacktip","Carcharhinus limbatus","","",NA,NA,"","","","","N","",NA,NA,"","","","","","","","",NA,NA,""
"St78-St79",2,8,"E","TTCGTACG","CAACACCT","GGGACGATAAGACCCTATA ","ATTACGCTGTTATCCCTAAAG ","NC_Sharks","Shark112","stomach","sample",NA,1466,2,TRUE,TRUE,1466,2,"6/27/19","Rhizoprionodon terraenovae","6/27/19","","","","","Atlantic Sharpnose","Rhizoprionodon terraenovae","","",NA,NA,"","","","","N","",NA,NA,"","","","","","","","",NA,NA,""
"St80-St81",2,8,"F","CGACCTAA","CAACACCT","GGGACGATAAGACCCTATA ","ATTACGCTGTTATCCCTAAAG ","NC_Sharks","Shark113","stomach","sample",NA,4,3,TRUE,TRUE,4,3,"6/25/19","Rhizoprionodon terraenovae","6/25/19","","","","","Atlantic Sharpnose","Rhizoprionodon terraenovae","","",NA,NA,"","","","","N","",NA,NA,"","","","","","","","",NA,NA,""
"St82-St83",2,9,"A","CCACATTG","AGTTCGTC","GGGACGATAAGACCCTATA ","ATTACGCTGTTATCCCTAAAG ","NC_Sharks","Shark114","stomach","sample",NA,0,0,TRUE,TRUE,0,0,"9/17/19","Rhizoprionodon terraenovae","9/17/19","","","","","Atlantic Sharpnose","Rhizoprionodon terraenovae","","",NA,NA,"","","","","N","",NA,NA,"","","","","","","","",NA,NA,""
"St84-St85",2,9,"B","TCGAGAGT","AGTTCGTC","GGGACGATAAGACCCTATA ","ATTACGCTGTTATCCCTAAAG ","NC_Sharks","Shark115","stomach","sample",NA,7995,7,TRUE,TRUE,7995,7,"10/29/19","Rhizoprionodon terraenovae","10/29/19","","","","","Atlantic Sharpnose","Rhizoprionodon terraenovae","","",NA,NA,"","","","","N","",NA,NA,"","","","","","","","",NA,NA,""
"St86-St87",2,9,"C","GGTCGTAT","AGTTCGTC","GGGACGATAAGACCCTATA ","ATTACGCTGTTATCCCTAAAG ","NC_Sharks","Shark116","stomach","sample",NA,331,1,TRUE,TRUE,331,1,"9/17/19","Rhizoprionodon terraenovae","9/17/19","","","","","Atlantic Sharpnose","Rhizoprionodon terraenovae","","",NA,NA,"","","","","N","",NA,NA,"","","","","","","","",NA,NA,""
"St88-St89",2,9,"D","GTGATCCA","AGTTCGTC","GGGACGATAAGACCCTATA ","ATTACGCTGTTATCCCTAAAG ","NC_Sharks","Shark117","stomach","sample",NA,2,2,TRUE,TRUE,2,2,"11/12/19","Rhizoprionodon terraenovae","11/12/19","","","","","Atlantic Sharpnose","Rhizoprionodon terraenovae","","",NA,NA,"","","","","N","",NA,NA,"","","","","","","","",NA,NA,""
"St90-St91",2,9,"E","TTCGTACG","AGTTCGTC","GGGACGATAAGACCCTATA ","ATTACGCTGTTATCCCTAAAG ","NC_Sharks","Shark118","stomach","sample",NA,1,1,TRUE,TRUE,1,1,"8/6/19","Rhizoprionodon terraenovae","8/6/19","","","","","Atlantic Sharpnose","Rhizoprionodon terraenovae","","",NA,NA,"","","","","N","",NA,NA,"","","","","","","","",NA,NA,""
"St92-St93",2,9,"F","CGACCTAA","AGTTCGTC","GGGACGATAAGACCCTATA ","ATTACGCTGTTATCCCTAAAG ","NC_Sharks","Shark119","stomach","sample",NA,31358,12,TRUE,TRUE,31358,12,"8/6/19","Rhizoprionodon terraenovae","8/6/19","","","","","Atlantic Sharpnose","Rhizoprionodon terraenovae","","",NA,NA,"","","","","N","",NA,NA,"","","","","","","","",NA,NA,""
"St96-St97",2,10,"B","TCGAGAGT","CGAAGAAC","GGGACGATAAGACCCTATA ","ATTACGCTGTTATCCCTAAAG ","NC_Sharks","Shark121","stomach","sample",NA,1,1,TRUE,TRUE,1,1,"8/29/19","Carcharhinus acronotus","8/29/19","","","","","Blacknose","Carcharhinus acronotus","","",NA,NA,"","","","","N","",NA,NA,"","","","","","","","",NA,NA,""
"St98-St99",2,10,"C","GGTCGTAT","CGAAGAAC","GGGACGATAAGACCCTATA ","ATTACGCTGTTATCCCTAAAG ","NC_Sharks","Shark122","stomach","sample",NA,0,0,TRUE,TRUE,0,0,"10/15/19","Rhizoprionodon terraenovae","10/15/19","","","","","Atlantic Sharpnose","Rhizoprionodon terraenovae","","",NA,NA,"","","","","N","",NA,NA,"","","","","","","","",NA,NA,""
